image_path,class_label
yolo_dataset/000000865323.jpg,DO NOT ENTER
yolo_dataset/000007290135.jpg,DO NOT ENTER
yolo_dataset/000027545091.jpg,ADVISORY SPEED MPH
yolo_dataset/000007275008.jpg,DO NOT ENTER
yolo_dataset/000006985223.jpg,ADVISORY SPEED MPH
yolo_dataset/000020250554.jpg,ADVISORY SPEED MPH
yolo_dataset/000015130797.jpg,DIRECTIONAL ARROW AUXILIARY
yolo_dataset/000014395145.jpg,ADVISORY SPEED MPH
yolo_dataset/000006325378.jpg,ADVISORY SPEED MPH
yolo_dataset/000017135223.jpg,DO NOT ENTER
yolo_dataset/000000245375.jpg,DO NOT ENTER
yolo_dataset/000002220380.jpg,DO NOT ENTER
yolo_dataset/000007155062.jpg,ADVISORY SPEED MPH
yolo_dataset/000037230271.jpg,DIRECTIONAL ARROW AUXILIARY
yolo_dataset/000004210215.jpg,ADVISORY SPEED MPH
yolo_dataset/000007120210.jpg,DO NOT ENTER
yolo_dataset/000011610360.jpg,ADVISORY SPEED MPH
yolo_dataset/000002435210.jpg,ADVISORY SPEED MPH
yolo_dataset/000030885512.jpg,ADVISORY SPEED MPH
yolo_dataset/000025045528.jpg,ADVISORY SPEED MPH
yolo_dataset/000005590302.jpg,ADVISORY SPEED MPH
yolo_dataset/000001190274.jpg,ADVISORY SPEED MPH
yolo_dataset/000004300007.jpg,ADVISORY SPEED MPH
yolo_dataset/000041355639.jpg,ADVISORY SPEED MPH
yolo_dataset/000002875265.jpg,DIRECTIONAL ARROW AUXILIARY
yolo_dataset/000004850476.jpg,DIRECTIONAL ARROW AUXILIARY
yolo_dataset/000010415135.jpg,ADVISORY SPEED MPH
yolo_dataset/000015770418.jpg,DIRECTIONAL ARROW AUXILIARY
yolo_dataset/000014075612.jpg,ADVISORY SPEED MPH
yolo_dataset/000001665038.jpg,ADVISORY SPEED MPH
yolo_dataset/000003955629.jpg,ADVISORY SPEED MPH
yolo_dataset/000011855262.jpg,ADVISORY SPEED MPH
yolo_dataset/000002655584.jpg,ADVISORY SPEED MPH
yolo_dataset/000027815656.jpg,ADVISORY SPEED MPH
yolo_dataset/000005350264.jpg,DO NOT ENTER
yolo_dataset/000006935330.jpg,DO NOT ENTER
yolo_dataset/000031275200.jpg,ADVISORY SPEED MPH
yolo_dataset/000007640503.jpg,DIRECTIONAL ARROW AUXILIARY
yolo_dataset/000000740422.jpg,DIRECTIONAL ARROW AUXILIARY
yolo_dataset/000041880610.jpg,ADVISORY SPEED MPH
yolo_dataset/000002830202.jpg,DO NOT ENTER
yolo_dataset/000017420302.jpg,ADVISORY SPEED MPH
yolo_dataset/000000895222.jpg,DO NOT ENTER
yolo_dataset/000016890403.jpg,ADVISORY SPEED MPH
yolo_dataset/000076455063.jpg,DIRECTIONAL ARROW AUXILIARY
yolo_dataset/000001235507.jpg,ADVISORY SPEED MPH
yolo_dataset/000020405172.jpg,ADVISORY SPEED MPH
yolo_dataset/000006780161.jpg,ADVISORY SPEED MPH
yolo_dataset/000005055426.jpg,DIRECTIONAL ARROW AUXILIARY
yolo_dataset/000000715272.jpg,DIRECTIONAL ARROW AUXILIARY
yolo_dataset/000013920536.jpg,ADVISORY SPEED MPH
yolo_dataset/000008270312.jpg,ADVISORY SPEED MPH
yolo_dataset/000008240314.jpg,ADVISORY SPEED MPH
yolo_dataset/000026770629.jpg,ADVISORY SPEED MPH
yolo_dataset/000021295714.jpg,DIRECTIONAL ARROW AUXILIARY
yolo_dataset/000000555357.jpg,DIRECTIONAL ARROW AUXILIARY
yolo_dataset/000005600207.jpg,DO NOT ENTER
yolo_dataset/000007045037.jpg,ADVISORY SPEED MPH
yolo_dataset/000005950057.jpg,DIRECTIONAL ARROW AUXILIARY
yolo_dataset/000011210577.jpg,ADVISORY SPEED MPH
yolo_dataset/000008430657.jpg,ADVISORY SPEED MPH
yolo_dataset/000013050605.jpg,ADVISORY SPEED MPH
yolo_dataset/000015530711.jpg,ADVISORY SPEED MPH
yolo_dataset/000029760592.jpg,ADVISORY SPEED MPH
yolo_dataset/000013160081.jpg,ADVISORY SPEED MPH
yolo_dataset/000028995609.jpg,DIRECTIONAL ARROW AUXILIARY
yolo_dataset/000003430095.jpg,DIRECTIONAL ARROW AUXILIARY
yolo_dataset/000014680684.jpg,ADVISORY SPEED MPH
yolo_dataset/000018300434.jpg,ADVISORY SPEED MPH
yolo_dataset/000013175069.jpg,DIRECTIONAL ARROW AUXILIARY
yolo_dataset/000002225117.jpg,ADVISORY SPEED MPH
yolo_dataset/000003255135.jpg,ADVISORY SPEED MPH
yolo_dataset/000018575072.jpg,ADVISORY SPEED MPH
yolo_dataset/000039225594.jpg,DIRECTIONAL ARROW AUXILIARY
yolo_dataset/000002390229.jpg,DO NOT ENTER
yolo_dataset/000016635038.jpg,DIRECTIONAL ARROW AUXILIARY
yolo_dataset/000013160166.jpg,DIRECTIONAL ARROW AUXILIARY
yolo_dataset/000004265106.jpg,DO NOT ENTER
yolo_dataset/000003340087.jpg,ADVISORY SPEED MPH
yolo_dataset/000015190215.jpg,ADVISORY SPEED MPH
yolo_dataset/000021255573.jpg,ADVISORY SPEED MPH
yolo_dataset/000004140212.jpg,DO NOT ENTER
yolo_dataset/000005565762.jpg,DO NOT ENTER
yolo_dataset/000002325751.jpg,ADVISORY SPEED MPH
yolo_dataset/000003770564.jpg,DO NOT ENTER
yolo_dataset/000005240336.jpg,ADVISORY SPEED MPH
yolo_dataset/000010435063.jpg,DIRECTIONAL ARROW AUXILIARY
yolo_dataset/000012275673.jpg,ADVISORY SPEED MPH
yolo_dataset/000026330481.jpg,ADVISORY SPEED MPH
yolo_dataset/000034250051.jpg,ADVISORY SPEED MPH
yolo_dataset/000006880294.jpg,ADVISORY SPEED MPH
yolo_dataset/000015750762.jpg,ADVISORY SPEED MPH
yolo_dataset/000002750040.jpg,DIRECTIONAL ARROW AUXILIARY
yolo_dataset/000005345366.jpg,ADVISORY SPEED MPH
yolo_dataset/000015125522.jpg,DIRECTIONAL ARROW AUXILIARY
yolo_dataset/000007645665.jpg,DO NOT ENTER
yolo_dataset/000039070268.jpg,DIRECTIONAL ARROW AUXILIARY
yolo_dataset/000002995131.jpg,ADVISORY SPEED MPH
yolo_dataset/000005060016.jpg,DIRECTIONAL ARROW AUXILIARY
yolo_dataset/000005565485.jpg,ADVISORY SPEED MPH
yolo_dataset/000051420403.jpg,DIRECTIONAL ARROW AUXILIARY
yolo_dataset/000017065474.jpg,ADVISORY SPEED MPH
yolo_dataset/000000445248.jpg,DO NOT ENTER
yolo_dataset/000036165635.jpg,ADVISORY SPEED MPH
yolo_dataset/000016965355.jpg,ADVISORY SPEED MPH
yolo_dataset/000008555318.jpg,ADVISORY SPEED MPH
yolo_dataset/000011620308.jpg,ADVISORY SPEED MPH
yolo_dataset/000019115136.jpg,ADVISORY SPEED MPH
yolo_dataset/000000935334.jpg,DIRECTIONAL ARROW AUXILIARY
yolo_dataset/000007345318.jpg,DO NOT ENTER
yolo_dataset/000006105200.jpg,ADVISORY SPEED MPH
yolo_dataset/000018725473.jpg,ADVISORY SPEED MPH
yolo_dataset/000006425187.jpg,DIRECTIONAL ARROW AUXILIARY
yolo_dataset/000006660153.jpg,DIRECTIONAL ARROW AUXILIARY
yolo_dataset/000008500268.jpg,ADVISORY SPEED MPH
yolo_dataset/000001550164.jpg,ADVISORY SPEED MPH
yolo_dataset/000023460248.jpg,DO NOT ENTER
yolo_dataset/000002905124.jpg,ADVISORY SPEED MPH
yolo_dataset/000013365507.jpg,ADVISORY SPEED MPH
yolo_dataset/000020650345.jpg,ADVISORY SPEED MPH
yolo_dataset/000004650154.jpg,DO NOT ENTER
yolo_dataset/000007225494.jpg,ADVISORY SPEED MPH
yolo_dataset/000010565347.jpg,ADVISORY SPEED MPH
yolo_dataset/000074590100.jpg,DIRECTIONAL ARROW AUXILIARY
yolo_dataset/000015600320.jpg,ADVISORY SPEED MPH
yolo_dataset/000005820066.jpg,ADVISORY SPEED MPH
yolo_dataset/000014520170.jpg,ADVISORY SPEED MPH
yolo_dataset/000018675221.jpg,ADVISORY SPEED MPH
yolo_dataset/000000685356.jpg,ADVISORY SPEED MPH
yolo_dataset/000006420179.jpg,DIRECTIONAL ARROW AUXILIARY
yolo_dataset/000012045155.jpg,ADVISORY SPEED MPH
yolo_dataset/000017630326.jpg,ADVISORY SPEED MPH
yolo_dataset/000004205444.jpg,ADVISORY SPEED MPH
yolo_dataset/000004505297.jpg,DIRECTIONAL ARROW AUXILIARY
yolo_dataset/000007345226.jpg,ADVISORY SPEED MPH
yolo_dataset/000006720200.jpg,ADVISORY SPEED MPH
yolo_dataset/000003350319.jpg,ADVISORY SPEED MPH
yolo_dataset/000000965153.jpg,DO NOT ENTER
yolo_dataset/000021395525.jpg,ADVISORY SPEED MPH
yolo_dataset/000017885659.jpg,ADVISORY SPEED MPH
yolo_dataset/000007750134.jpg,ADVISORY SPEED MPH
yolo_dataset/000019535057.jpg,ADVISORY SPEED MPH
yolo_dataset/000007520528.jpg,ADVISORY SPEED MPH
yolo_dataset/000081685212.jpg,DIRECTIONAL ARROW AUXILIARY
yolo_dataset/000002495303.jpg,ADVISORY SPEED MPH
yolo_dataset/000015120348.jpg,DO NOT ENTER
yolo_dataset/000001035103.jpg,ADVISORY SPEED MPH
yolo_dataset/000011820125.jpg,ADVISORY SPEED MPH
yolo_dataset/000003985203.jpg,DIRECTIONAL ARROW AUXILIARY
yolo_dataset/000001680543.jpg,ADVISORY SPEED MPH
yolo_dataset/000004970408.jpg,ADVISORY SPEED MPH
yolo_dataset/000004695281.jpg,ADVISORY SPEED MPH
yolo_dataset/000006485522.jpg,ADVISORY SPEED MPH
yolo_dataset/000000555034.jpg,DO NOT ENTER
yolo_dataset/000002045064.jpg,DO NOT ENTER
yolo_dataset/000030310530.jpg,ADVISORY SPEED MPH
yolo_dataset/000041630186.jpg,ADVISORY SPEED MPH
yolo_dataset/000001680268.jpg,DIRECTIONAL ARROW AUXILIARY
yolo_dataset/000000455044.jpg,DO NOT ENTER
yolo_dataset/000000370024.jpg,DO NOT ENTER
yolo_dataset/000004550073.jpg,ADVISORY SPEED MPH
yolo_dataset/000029900387.jpg,ADVISORY SPEED MPH
yolo_dataset/000007720524.jpg,ADVISORY SPEED MPH
yolo_dataset/000020930531.jpg,DIRECTIONAL ARROW AUXILIARY
yolo_dataset/000009500125.jpg,DIRECTIONAL ARROW AUXILIARY
yolo_dataset/000013040487.jpg,ADVISORY SPEED MPH
yolo_dataset/000007575534.jpg,DIRECTIONAL ARROW AUXILIARY
yolo_dataset/000002200141.jpg,ADVISORY SPEED MPH
yolo_dataset/000033045039.jpg,ADVISORY SPEED MPH
yolo_dataset/000002135294.jpg,ADVISORY SPEED MPH
yolo_dataset/000021315278.jpg,DIRECTIONAL ARROW AUXILIARY
yolo_dataset/000013135026.jpg,DO NOT ENTER
yolo_dataset/000002300132.jpg,ADVISORY SPEED MPH
yolo_dataset/000026090291.jpg,DO NOT ENTER
yolo_dataset/000031830012.jpg,DIRECTIONAL ARROW AUXILIARY
yolo_dataset/000009850302.jpg,ADVISORY SPEED MPH
yolo_dataset/000024165448.jpg,ADVISORY SPEED MPH
yolo_dataset/000018365475.jpg,ADVISORY SPEED MPH
yolo_dataset/000020910172.jpg,ADVISORY SPEED MPH
yolo_dataset/000024435701.jpg,DIRECTIONAL ARROW AUXILIARY
yolo_dataset/000001490148.jpg,ADVISORY SPEED MPH
yolo_dataset/000004150574.jpg,DO NOT ENTER
yolo_dataset/000000570547.jpg,DO NOT ENTER
yolo_dataset/000004960317.jpg,DO NOT ENTER
yolo_dataset/000003175385.jpg,ADVISORY SPEED MPH
yolo_dataset/000011440046.jpg,ADVISORY SPEED MPH
yolo_dataset/000013060564.jpg,ADVISORY SPEED MPH
yolo_dataset/000002470235.jpg,DO NOT ENTER
yolo_dataset/000020660500.jpg,ADVISORY SPEED MPH
yolo_dataset/000024615725.jpg,ADVISORY SPEED MPH
yolo_dataset/000011025026.jpg,ADVISORY SPEED MPH
yolo_dataset/000010335404.jpg,DO NOT ENTER
yolo_dataset/000020695240.jpg,ADVISORY SPEED MPH
yolo_dataset/000012725288.jpg,ADVISORY SPEED MPH
yolo_dataset/000029065317.jpg,DO NOT ENTER
yolo_dataset/000005700456.jpg,ADVISORY SPEED MPH
yolo_dataset/000000940578.jpg,DO NOT ENTER
yolo_dataset/000033285498.jpg,ADVISORY SPEED MPH
yolo_dataset/000011590077.jpg,ADVISORY SPEED MPH
yolo_dataset/000009255656.jpg,ADVISORY SPEED MPH
yolo_dataset/000006155019.jpg,ADVISORY SPEED MPH
yolo_dataset/000025235125.jpg,ADVISORY SPEED MPH
yolo_dataset/000019415513.jpg,ADVISORY SPEED MPH
yolo_dataset/000007850154.jpg,ADVISORY SPEED MPH
yolo_dataset/000006765313.jpg,DIRECTIONAL ARROW AUXILIARY
yolo_dataset/000025360453.jpg,DIRECTIONAL ARROW AUXILIARY
yolo_dataset/000004285502.jpg,ADVISORY SPEED MPH
yolo_dataset/000030305155.jpg,ADVISORY SPEED MPH
yolo_dataset/000018860476.jpg,ADVISORY SPEED MPH
yolo_dataset/000011605254.jpg,DO NOT ENTER
yolo_dataset/000005825522.jpg,DIRECTIONAL ARROW AUXILIARY
yolo_dataset/000017245012.jpg,ADVISORY SPEED MPH
yolo_dataset/000004660020.jpg,ADVISORY SPEED MPH
yolo_dataset/000012825164.jpg,ADVISORY SPEED MPH
yolo_dataset/000014355102.jpg,ADVISORY SPEED MPH
yolo_dataset/000005160572.jpg,ADVISORY SPEED MPH
yolo_dataset/000003000418.jpg,DO NOT ENTER
yolo_dataset/000000290046.jpg,DIRECTIONAL ARROW AUXILIARY
yolo_dataset/000000565115.jpg,DIRECTIONAL ARROW AUXILIARY
yolo_dataset/000000765214.jpg,ADVISORY SPEED MPH
yolo_dataset/000017150478.jpg,ADVISORY SPEED MPH
yolo_dataset/000007445387.jpg,ADVISORY SPEED MPH
yolo_dataset/000040310142.jpg,DIRECTIONAL ARROW AUXILIARY
yolo_dataset/000000600001.jpg,DO NOT ENTER
yolo_dataset/000002965721.jpg,ADVISORY SPEED MPH
yolo_dataset/000007790218.jpg,ADVISORY SPEED MPH
yolo_dataset/000002525068.jpg,DIRECTIONAL ARROW AUXILIARY
yolo_dataset/000002820710.jpg,ADVISORY SPEED MPH
yolo_dataset/000000805070.jpg,ADVISORY SPEED MPH
yolo_dataset/000009720352.jpg,ADVISORY SPEED MPH
yolo_dataset/000007670294.jpg,ADVISORY SPEED MPH
yolo_dataset/000008375424.jpg,ADVISORY SPEED MPH
yolo_dataset/000032020243.jpg,ADVISORY SPEED MPH
yolo_dataset/000010410007.jpg,ADVISORY SPEED MPH
yolo_dataset/000002440318.jpg,DIRECTIONAL ARROW AUXILIARY
yolo_dataset/000020855375.jpg,DIRECTIONAL ARROW AUXILIARY
yolo_dataset/000007710308.jpg,ADVISORY SPEED MPH
yolo_dataset/000007885247.jpg,ADVISORY SPEED MPH
yolo_dataset/000051500382.jpg,DIRECTIONAL ARROW AUXILIARY
yolo_dataset/000020385202.jpg,ADVISORY SPEED MPH
yolo_dataset/000014505248.jpg,ADVISORY SPEED MPH
yolo_dataset/000006395186.jpg,DO NOT ENTER
yolo_dataset/000092265261.jpg,DIRECTIONAL ARROW AUXILIARY
yolo_dataset/000021240017.jpg,ADVISORY SPEED MPH
yolo_dataset/000000260137.jpg,DO NOT ENTER
yolo_dataset/000002115533.jpg,ADVISORY SPEED MPH
yolo_dataset/000000755287.jpg,ADVISORY SPEED MPH
yolo_dataset/000007310671.jpg,DO NOT ENTER
yolo_dataset/000029185617.jpg,ADVISORY SPEED MPH
yolo_dataset/000002110074.jpg,ADVISORY SPEED MPH
yolo_dataset/000000355191.jpg,DO NOT ENTER
yolo_dataset/000007460113.jpg,ADVISORY SPEED MPH
yolo_dataset/000006225049.jpg,DO NOT ENTER
yolo_dataset/000083920165.jpg,DIRECTIONAL ARROW AUXILIARY
yolo_dataset/000035675085.jpg,ADVISORY SPEED MPH
yolo_dataset/000005770104.jpg,ADVISORY SPEED MPH
yolo_dataset/000005050599.jpg,DIRECTIONAL ARROW AUXILIARY
yolo_dataset/000007025133.jpg,ADVISORY SPEED MPH
yolo_dataset/000008895040.jpg,DIRECTIONAL ARROW AUXILIARY
yolo_dataset/000010475595.jpg,DO NOT ENTER
yolo_dataset/000038020591.jpg,ADVISORY SPEED MPH
yolo_dataset/000012630625.jpg,ADVISORY SPEED MPH
yolo_dataset/000002815001.jpg,DO NOT ENTER
yolo_dataset/000025130215.jpg,DO NOT ENTER
yolo_dataset/000009875613.jpg,ADVISORY SPEED MPH
yolo_dataset/000010460376.jpg,DO NOT ENTER
yolo_dataset/000022575050.jpg,ADVISORY SPEED MPH
yolo_dataset/000009635388.jpg,ADVISORY SPEED MPH
yolo_dataset/000025725144.jpg,DIRECTIONAL ARROW AUXILIARY
yolo_dataset/000003425217.jpg,DIRECTIONAL ARROW AUXILIARY
yolo_dataset/000019800130.jpg,DO NOT ENTER
yolo_dataset/000039820412.jpg,ADVISORY SPEED MPH
yolo_dataset/000004670553.jpg,ADVISORY SPEED MPH
yolo_dataset/000004025591.jpg,ADVISORY SPEED MPH
yolo_dataset/000009970253.jpg,ADVISORY SPEED MPH
yolo_dataset/000011275659.jpg,ADVISORY SPEED MPH
yolo_dataset/000000700078.jpg,DO NOT ENTER
yolo_dataset/000000515565.jpg,ADVISORY SPEED MPH
yolo_dataset/000008975013.jpg,ADVISORY SPEED MPH
yolo_dataset/000002215377.jpg,ADVISORY SPEED MPH
yolo_dataset/000006890103.jpg,DO NOT ENTER
yolo_dataset/000025475313.jpg,ADVISORY SPEED MPH
yolo_dataset/000001680088.jpg,DO NOT ENTER
yolo_dataset/000051490296.jpg,DIRECTIONAL ARROW AUXILIARY
yolo_dataset/000006105037.jpg,DIRECTIONAL ARROW AUXILIARY
yolo_dataset/000012290566.jpg,ADVISORY SPEED MPH
yolo_dataset/000004250463.jpg,ADVISORY SPEED MPH
yolo_dataset/000015400194.jpg,DO NOT ENTER
yolo_dataset/000023230232.jpg,ADVISORY SPEED MPH
yolo_dataset/000001200347.jpg,ADVISORY SPEED MPH
yolo_dataset/000002010210.jpg,DIRECTIONAL ARROW AUXILIARY
yolo_dataset/000002375100.jpg,DO NOT ENTER
yolo_dataset/000028370140.jpg,ADVISORY SPEED MPH
yolo_dataset/000010270085.jpg,ADVISORY SPEED MPH
yolo_dataset/000026360009.jpg,DIRECTIONAL ARROW AUXILIARY
yolo_dataset/000000340111.jpg,DIRECTIONAL ARROW AUXILIARY
yolo_dataset/000010150131.jpg,ADVISORY SPEED MPH
yolo_dataset/000007075365.jpg,DO NOT ENTER
yolo_dataset/000000540512.jpg,DIRECTIONAL ARROW AUXILIARY
yolo_dataset/000002575388.jpg,DO NOT ENTER
yolo_dataset/000028095070.jpg,DIRECTIONAL ARROW AUXILIARY
yolo_dataset/000042955233.jpg,DIRECTIONAL ARROW AUXILIARY
yolo_dataset/000005255474.jpg,ADVISORY SPEED MPH
yolo_dataset/000006485101.jpg,DIRECTIONAL ARROW AUXILIARY
yolo_dataset/000017350232.jpg,ADVISORY SPEED MPH
yolo_dataset/000027040311.jpg,DIRECTIONAL ARROW AUXILIARY
yolo_dataset/000002600102.jpg,DO NOT ENTER
yolo_dataset/000000695375.jpg,DO NOT ENTER
yolo_dataset/000026680299.jpg,ADVISORY SPEED MPH
yolo_dataset/000009595456.jpg,ADVISORY SPEED MPH
yolo_dataset/000005970012.jpg,DIRECTIONAL ARROW AUXILIARY
yolo_dataset/000000420018.jpg,DIRECTIONAL ARROW AUXILIARY
yolo_dataset/000005390051.jpg,DIRECTIONAL ARROW AUXILIARY
yolo_dataset/000005675017.jpg,DO NOT ENTER
yolo_dataset/000000485229.jpg,ADVISORY SPEED MPH
yolo_dataset/000001570347.jpg,ADVISORY SPEED MPH
yolo_dataset/000016340353.jpg,ADVISORY SPEED MPH
yolo_dataset/000026765711.jpg,DO NOT ENTER
yolo_dataset/000012480308.jpg,DO NOT ENTER
yolo_dataset/000011745518.jpg,ADVISORY SPEED MPH
yolo_dataset/000000795415.jpg,ADVISORY SPEED MPH
yolo_dataset/000011010355.jpg,ADVISORY SPEED MPH
yolo_dataset/000002875221.jpg,ADVISORY SPEED MPH
yolo_dataset/000008040498.jpg,ADVISORY SPEED MPH
yolo_dataset/000001650268.jpg,ADVISORY SPEED MPH
yolo_dataset/000002215611.jpg,ADVISORY SPEED MPH
yolo_dataset/000010685090.jpg,ADVISORY SPEED MPH
yolo_dataset/000008870378.jpg,ADVISORY SPEED MPH
yolo_dataset/000003775203.jpg,DIRECTIONAL ARROW AUXILIARY
yolo_dataset/000002560081.jpg,DO NOT ENTER
yolo_dataset/000020530174.jpg,ADVISORY SPEED MPH
yolo_dataset/000001540047.jpg,DO NOT ENTER
yolo_dataset/000018835168.jpg,DO NOT ENTER
yolo_dataset/000004945297.jpg,ADVISORY SPEED MPH
yolo_dataset/000001495054.jpg,ADVISORY SPEED MPH
yolo_dataset/000005985340.jpg,ADVISORY SPEED MPH
yolo_dataset/000014755451.jpg,ADVISORY SPEED MPH
yolo_dataset/000003525277.jpg,ADVISORY SPEED MPH
yolo_dataset/000012210496.jpg,ADVISORY SPEED MPH
yolo_dataset/000005655307.jpg,DO NOT ENTER
yolo_dataset/000002885052.jpg,DIRECTIONAL ARROW AUXILIARY
yolo_dataset/000016660221.jpg,ADVISORY SPEED MPH
yolo_dataset/000001650094.jpg,DIRECTIONAL ARROW AUXILIARY
yolo_dataset/000018230308.jpg,ADVISORY SPEED MPH
yolo_dataset/000006400484.jpg,ADVISORY SPEED MPH
yolo_dataset/000031720446.jpg,ADVISORY SPEED MPH
yolo_dataset/000011975417.jpg,ADVISORY SPEED MPH
yolo_dataset/000003125230.jpg,ADVISORY SPEED MPH
yolo_dataset/000016170140.jpg,DO NOT ENTER
yolo_dataset/000007910369.jpg,ADVISORY SPEED MPH
yolo_dataset/000001225662.jpg,ADVISORY SPEED MPH
yolo_dataset/000008300239.jpg,DO NOT ENTER
yolo_dataset/000007150600.jpg,ADVISORY SPEED MPH
yolo_dataset/000009965257.jpg,DIRECTIONAL ARROW AUXILIARY
yolo_dataset/000019820214.jpg,ADVISORY SPEED MPH
yolo_dataset/000012800421.jpg,ADVISORY SPEED MPH
yolo_dataset/000019550068.jpg,ADVISORY SPEED MPH
yolo_dataset/000015405114.jpg,DIRECTIONAL ARROW AUXILIARY
yolo_dataset/000003065230.jpg,ADVISORY SPEED MPH
yolo_dataset/000025325594.jpg,DO NOT ENTER
yolo_dataset/000001460585.jpg,ADVISORY SPEED MPH
yolo_dataset/000001905252.jpg,ADVISORY SPEED MPH
yolo_dataset/000001040038.jpg,DIRECTIONAL ARROW AUXILIARY
yolo_dataset/000015325314.jpg,ADVISORY SPEED MPH
yolo_dataset/000003305062.jpg,ADVISORY SPEED MPH
yolo_dataset/000001410339.jpg,ADVISORY SPEED MPH
yolo_dataset/000007495132.jpg,DO NOT ENTER
yolo_dataset/000002560419.jpg,ADVISORY SPEED MPH
yolo_dataset/000007435673.jpg,DO NOT ENTER
yolo_dataset/000002645331.jpg,ADVISORY SPEED MPH
yolo_dataset/000005470101.jpg,ADVISORY SPEED MPH
yolo_dataset/000030305498.jpg,ADVISORY SPEED MPH
yolo_dataset/000014405453.jpg,ADVISORY SPEED MPH
yolo_dataset/000023985668.jpg,ADVISORY SPEED MPH
yolo_dataset/000033510155.jpg,ADVISORY SPEED MPH
yolo_dataset/000008495052.jpg,DO NOT ENTER
yolo_dataset/000004695091.jpg,DIRECTIONAL ARROW AUXILIARY
yolo_dataset/000001850232.jpg,ADVISORY SPEED MPH
yolo_dataset/000016715148.jpg,DIRECTIONAL ARROW AUXILIARY
yolo_dataset/000005610077.jpg,ADVISORY SPEED MPH
yolo_dataset/000018235317.jpg,ADVISORY SPEED MPH
yolo_dataset/000015770010.jpg,DO NOT ENTER
yolo_dataset/000002190686.jpg,ADVISORY SPEED MPH
yolo_dataset/000006820706.jpg,ADVISORY SPEED MPH
yolo_dataset/000002730111.jpg,ADVISORY SPEED MPH
yolo_dataset/000000650121.jpg,ADVISORY SPEED MPH
yolo_dataset/000029225166.jpg,DO NOT ENTER
yolo_dataset/000001310180.jpg,ADVISORY SPEED MPH
yolo_dataset/000008110350.jpg,ADVISORY SPEED MPH
yolo_dataset/000003905123.jpg,DO NOT ENTER
yolo_dataset/000005110036.jpg,ADVISORY SPEED MPH
yolo_dataset/000010355253.jpg,ADVISORY SPEED MPH
yolo_dataset/000005675020.jpg,DIRECTIONAL ARROW AUXILIARY
yolo_dataset/000018045424.jpg,ADVISORY SPEED MPH
yolo_dataset/000029400328.jpg,ADVISORY SPEED MPH
yolo_dataset/000006080273.jpg,ADVISORY SPEED MPH
yolo_dataset/000007465117.jpg,DO NOT ENTER
yolo_dataset/000001470304.jpg,ADVISORY SPEED MPH
yolo_dataset/000006390225.jpg,ADVISORY SPEED MPH
yolo_dataset/000022900464.jpg,ADVISORY SPEED MPH
yolo_dataset/000010415239.jpg,ADVISORY SPEED MPH
yolo_dataset/000029985135.jpg,DO NOT ENTER
yolo_dataset/000007560397.jpg,DO NOT ENTER
yolo_dataset/000053955316.jpg,DIRECTIONAL ARROW AUXILIARY
yolo_dataset/000004540412.jpg,DIRECTIONAL ARROW AUXILIARY
yolo_dataset/000003940074.jpg,DIRECTIONAL ARROW AUXILIARY
yolo_dataset/000013365777.jpg,DO NOT ENTER
yolo_dataset/000004275460.jpg,ADVISORY SPEED MPH
yolo_dataset/000005995710.jpg,ADVISORY SPEED MPH
yolo_dataset/000008555017.jpg,DO NOT ENTER
yolo_dataset/000011630231.jpg,ADVISORY SPEED MPH
yolo_dataset/000003100506.jpg,ADVISORY SPEED MPH
yolo_dataset/000026570265.jpg,DIRECTIONAL ARROW AUXILIARY
yolo_dataset/000003340196.jpg,ADVISORY SPEED MPH
yolo_dataset/000005825642.jpg,ADVISORY SPEED MPH
yolo_dataset/000039165495.jpg,DIRECTIONAL ARROW AUXILIARY
yolo_dataset/000008835354.jpg,ADVISORY SPEED MPH
yolo_dataset/000002625015.jpg,DIRECTIONAL ARROW AUXILIARY
yolo_dataset/000013210716.jpg,ADVISORY SPEED MPH
yolo_dataset/000016025272.jpg,ADVISORY SPEED MPH
yolo_dataset/000013625496.jpg,ADVISORY SPEED MPH
yolo_dataset/000002080382.jpg,DO NOT ENTER
yolo_dataset/000022490373.jpg,DIRECTIONAL ARROW AUXILIARY
yolo_dataset/000002770463.jpg,DO NOT ENTER
yolo_dataset/000000700204.jpg,DIRECTIONAL ARROW AUXILIARY
yolo_dataset/000041865096.jpg,ADVISORY SPEED MPH
yolo_dataset/000008180043.jpg,ADVISORY SPEED MPH
yolo_dataset/000009835114.jpg,DO NOT ENTER
yolo_dataset/000022365238.jpg,DO NOT ENTER
yolo_dataset/000008590389.jpg,ADVISORY SPEED MPH
yolo_dataset/000028600023.jpg,ADVISORY SPEED MPH
yolo_dataset/000016325489.jpg,ADVISORY SPEED MPH
yolo_dataset/000000555241.jpg,ADVISORY SPEED MPH
yolo_dataset/000028945444.jpg,DIRECTIONAL ARROW AUXILIARY
yolo_dataset/000021270367.jpg,ADVISORY SPEED MPH
yolo_dataset/000011340656.jpg,ADVISORY SPEED MPH
yolo_dataset/000014850452.jpg,ADVISORY SPEED MPH
yolo_dataset/000025035143.jpg,ADVISORY SPEED MPH
yolo_dataset/000011170043.jpg,DIRECTIONAL ARROW AUXILIARY
yolo_dataset/000010010565.jpg,ADVISORY SPEED MPH
yolo_dataset/000012275256.jpg,DIRECTIONAL ARROW AUXILIARY
yolo_dataset/000021355206.jpg,ADVISORY SPEED MPH
yolo_dataset/000003325085.jpg,ADVISORY SPEED MPH
yolo_dataset/000015480459.jpg,ADVISORY SPEED MPH
yolo_dataset/000002475013.jpg,DO NOT ENTER
yolo_dataset/000004175244.jpg,ADVISORY SPEED MPH
yolo_dataset/000002700238.jpg,ADVISORY SPEED MPH
yolo_dataset/000026830063.jpg,DIRECTIONAL ARROW AUXILIARY
yolo_dataset/000000665036.jpg,ADVISORY SPEED MPH
yolo_dataset/000025095213.jpg,ADVISORY SPEED MPH
yolo_dataset/000001040022.jpg,DIRECTIONAL ARROW AUXILIARY
yolo_dataset/000011015313.jpg,ADVISORY SPEED MPH
yolo_dataset/000012545209.jpg,DO NOT ENTER
yolo_dataset/000005555039.jpg,ADVISORY SPEED MPH
yolo_dataset/000010230035.jpg,ADVISORY SPEED MPH
yolo_dataset/000025235399.jpg,ADVISORY SPEED MPH
yolo_dataset/000011085458.jpg,ADVISORY SPEED MPH
yolo_dataset/000092290458.jpg,DIRECTIONAL ARROW AUXILIARY
yolo_dataset/000037555347.jpg,ADVISORY SPEED MPH
yolo_dataset/000016340152.jpg,ADVISORY SPEED MPH
yolo_dataset/000000290171.jpg,DO NOT ENTER
yolo_dataset/000003615026.jpg,DO NOT ENTER
yolo_dataset/000026925450.jpg,ADVISORY SPEED MPH
yolo_dataset/000010125238.jpg,ADVISORY SPEED MPH
yolo_dataset/000021550087.jpg,DO NOT ENTER
yolo_dataset/000005995255.jpg,ADVISORY SPEED MPH
yolo_dataset/000002965390.jpg,ADVISORY SPEED MPH
yolo_dataset/000013380311.jpg,ADVISORY SPEED MPH
yolo_dataset/000000690159.jpg,ADVISORY SPEED MPH
yolo_dataset/000007550342.jpg,ADVISORY SPEED MPH
yolo_dataset/000010290503.jpg,ADVISORY SPEED MPH
yolo_dataset/000025355569.jpg,DIRECTIONAL ARROW AUXILIARY
yolo_dataset/000041770168.jpg,ADVISORY SPEED MPH
yolo_dataset/000002685098.jpg,ADVISORY SPEED MPH
yolo_dataset/000018400637.jpg,ADVISORY SPEED MPH
yolo_dataset/000009385073.jpg,ADVISORY SPEED MPH
yolo_dataset/000002870268.jpg,DO NOT ENTER
yolo_dataset/000007060494.jpg,DO NOT ENTER
yolo_dataset/000005815034.jpg,DO NOT ENTER
yolo_dataset/000001495327.jpg,ADVISORY SPEED MPH
yolo_dataset/000001295053.jpg,ADVISORY SPEED MPH
yolo_dataset/000002250137.jpg,ADVISORY SPEED MPH
yolo_dataset/000000520200.jpg,DO NOT ENTER
yolo_dataset/000001775471.jpg,ADVISORY SPEED MPH
yolo_dataset/000025790679.jpg,ADVISORY SPEED MPH
yolo_dataset/000005100138.jpg,ADVISORY SPEED MPH
yolo_dataset/000007495527.jpg,ADVISORY SPEED MPH
yolo_dataset/000030410155.jpg,ADVISORY SPEED MPH
yolo_dataset/000061715685.jpg,DIRECTIONAL ARROW AUXILIARY
yolo_dataset/000007945426.jpg,ADVISORY SPEED MPH
yolo_dataset/000010780309.jpg,DO NOT ENTER
yolo_dataset/000005625170.jpg,ADVISORY SPEED MPH
yolo_dataset/000009760202.jpg,ADVISORY SPEED MPH
yolo_dataset/000003270278.jpg,ADVISORY SPEED MPH
yolo_dataset/000000760199.jpg,DO NOT ENTER
yolo_dataset/000008805022.jpg,ADVISORY SPEED MPH
yolo_dataset/000008855027.jpg,DIRECTIONAL ARROW AUXILIARY
yolo_dataset/000002495140.jpg,DO NOT ENTER
yolo_dataset/000022315246.jpg,DO NOT ENTER
yolo_dataset/000006710191.jpg,DO NOT ENTER
yolo_dataset/000019795553.jpg,DIRECTIONAL ARROW AUXILIARY
yolo_dataset/000000735279.jpg,DIRECTIONAL ARROW AUXILIARY
yolo_dataset/000001460069.jpg,DO NOT ENTER
yolo_dataset/000028360212.jpg,ADVISORY SPEED MPH
yolo_dataset/000004970341.jpg,ADVISORY SPEED MPH
yolo_dataset/000001640004.jpg,ADVISORY SPEED MPH
yolo_dataset/000005610174.jpg,ADVISORY SPEED MPH
yolo_dataset/000007140590.jpg,ADVISORY SPEED MPH
yolo_dataset/000003020492.jpg,ADVISORY SPEED MPH
yolo_dataset/000009520378.jpg,DIRECTIONAL ARROW AUXILIARY
yolo_dataset/000010485739.jpg,ADVISORY SPEED MPH
yolo_dataset/000003335626.jpg,ADVISORY SPEED MPH
yolo_dataset/000013665199.jpg,DO NOT ENTER
yolo_dataset/000042245184.jpg,DIRECTIONAL ARROW AUXILIARY
yolo_dataset/000006265569.jpg,ADVISORY SPEED MPH
yolo_dataset/000009935151.jpg,DO NOT ENTER
yolo_dataset/000001045101.jpg,ADVISORY SPEED MPH
yolo_dataset/000008390222.jpg,ADVISORY SPEED MPH
yolo_dataset/000007095244.jpg,ADVISORY SPEED MPH
yolo_dataset/000052660680.jpg,DIRECTIONAL ARROW AUXILIARY
yolo_dataset/000003645146.jpg,ADVISORY SPEED MPH
yolo_dataset/000008825322.jpg,ADVISORY SPEED MPH
yolo_dataset/000018550298.jpg,DO NOT ENTER
yolo_dataset/000009490513.jpg,ADVISORY SPEED MPH
yolo_dataset/000009255060.jpg,ADVISORY SPEED MPH
yolo_dataset/000005620155.jpg,ADVISORY SPEED MPH
yolo_dataset/000026760267.jpg,ADVISORY SPEED MPH
yolo_dataset/000000700183.jpg,DO NOT ENTER
yolo_dataset/000000910191.jpg,DO NOT ENTER
yolo_dataset/000000740242.jpg,DO NOT ENTER
yolo_dataset/000031435600.jpg,ADVISORY SPEED MPH
yolo_dataset/000007120599.jpg,ADVISORY SPEED MPH
yolo_dataset/000006330007.jpg,ADVISORY SPEED MPH
yolo_dataset/000005170215.jpg,ADVISORY SPEED MPH
yolo_dataset/000005655544.jpg,ADVISORY SPEED MPH
yolo_dataset/000014105042.jpg,DIRECTIONAL ARROW AUXILIARY
yolo_dataset/000000665039.jpg,ADVISORY SPEED MPH
yolo_dataset/000001510244.jpg,DO NOT ENTER
yolo_dataset/000001590023.jpg,ADVISORY SPEED MPH
yolo_dataset/000054825083.jpg,DIRECTIONAL ARROW AUXILIARY
yolo_dataset/000017535342.jpg,DO NOT ENTER
yolo_dataset/000052815560.jpg,DIRECTIONAL ARROW AUXILIARY
yolo_dataset/000009025415.jpg,ADVISORY SPEED MPH
yolo_dataset/000041425334.jpg,ADVISORY SPEED MPH
yolo_dataset/000113105033.jpg,DIRECTIONAL ARROW AUXILIARY
yolo_dataset/000033795196.jpg,DIRECTIONAL ARROW AUXILIARY
yolo_dataset/000002815247.jpg,ADVISORY SPEED MPH
yolo_dataset/000002780163.jpg,ADVISORY SPEED MPH
yolo_dataset/000003380520.jpg,ADVISORY SPEED MPH
yolo_dataset/000009435024.jpg,ADVISORY SPEED MPH
yolo_dataset/000007510010.jpg,DO NOT ENTER
yolo_dataset/000017215281.jpg,ADVISORY SPEED MPH
yolo_dataset/000003190294.jpg,ADVISORY SPEED MPH
yolo_dataset/000039980399.jpg,ADVISORY SPEED MPH
yolo_dataset/000026495054.jpg,ADVISORY SPEED MPH
yolo_dataset/000015730143.jpg,DIRECTIONAL ARROW AUXILIARY
yolo_dataset/000013155068.jpg,DO NOT ENTER
yolo_dataset/000000820047.jpg,DIRECTIONAL ARROW AUXILIARY
yolo_dataset/000002090622.jpg,ADVISORY SPEED MPH
yolo_dataset/000023415447.jpg,ADVISORY SPEED MPH
yolo_dataset/000009175153.jpg,DO NOT ENTER
yolo_dataset/000003065289.jpg,ADVISORY SPEED MPH
yolo_dataset/000009670610.jpg,ADVISORY SPEED MPH
yolo_dataset/000031400551.jpg,ADVISORY SPEED MPH
yolo_dataset/000002195550.jpg,ADVISORY SPEED MPH
yolo_dataset/000022420170.jpg,ADVISORY SPEED MPH
yolo_dataset/000008960401.jpg,ADVISORY SPEED MPH
yolo_dataset/000005740393.jpg,ADVISORY SPEED MPH
yolo_dataset/000008570555.jpg,ADVISORY SPEED MPH
yolo_dataset/000016065184.jpg,ADVISORY SPEED MPH
yolo_dataset/000009920241.jpg,ADVISORY SPEED MPH
yolo_dataset/000002035352.jpg,ADVISORY SPEED MPH
yolo_dataset/000016255011.jpg,ADVISORY SPEED MPH
yolo_dataset/000015380112.jpg,DIRECTIONAL ARROW AUXILIARY
yolo_dataset/000003585178.jpg,ADVISORY SPEED MPH
yolo_dataset/000041330261.jpg,DIRECTIONAL ARROW AUXILIARY
yolo_dataset/000020820396.jpg,ADVISORY SPEED MPH
yolo_dataset/000009175008.jpg,ADVISORY SPEED MPH
yolo_dataset/000002400484.jpg,ADVISORY SPEED MPH
yolo_dataset/000027435200.jpg,ADVISORY SPEED MPH
yolo_dataset/000007595156.jpg,ADVISORY SPEED MPH
yolo_dataset/000001460512.jpg,ADVISORY SPEED MPH
yolo_dataset/000008810041.jpg,DIRECTIONAL ARROW AUXILIARY
yolo_dataset/000004195343.jpg,ADVISORY SPEED MPH
yolo_dataset/000001115115.jpg,ADVISORY SPEED MPH
yolo_dataset/000015270434.jpg,ADVISORY SPEED MPH
yolo_dataset/000007870423.jpg,ADVISORY SPEED MPH
yolo_dataset/000018020279.jpg,ADVISORY SPEED MPH
yolo_dataset/000000730263.jpg,DO NOT ENTER
yolo_dataset/000011625676.jpg,ADVISORY SPEED MPH
yolo_dataset/000005875405.jpg,ADVISORY SPEED MPH
yolo_dataset/000010955015.jpg,DIRECTIONAL ARROW AUXILIARY
yolo_dataset/000023325268.jpg,ADVISORY SPEED MPH
yolo_dataset/000002255439.jpg,ADVISORY SPEED MPH
yolo_dataset/000015010579.jpg,ADVISORY SPEED MPH
yolo_dataset/000004255190.jpg,ADVISORY SPEED MPH
yolo_dataset/000006430459.jpg,DO NOT ENTER
yolo_dataset/000051500492.jpg,DIRECTIONAL ARROW AUXILIARY
yolo_dataset/000022475214.jpg,DIRECTIONAL ARROW AUXILIARY
yolo_dataset/000012720534.jpg,ADVISORY SPEED MPH
yolo_dataset/000023090289.jpg,DO NOT ENTER
yolo_dataset/000040160635.jpg,ADVISORY SPEED MPH
yolo_dataset/000033065701.jpg,ADVISORY SPEED MPH
yolo_dataset/000014590475.jpg,DO NOT ENTER
yolo_dataset/000007190112.jpg,DO NOT ENTER
yolo_dataset/000010630319.jpg,ADVISORY SPEED MPH
yolo_dataset/000001200035.jpg,ADVISORY SPEED MPH
yolo_dataset/000028905621.jpg,DO NOT ENTER
yolo_dataset/000002515272.jpg,DIRECTIONAL ARROW AUXILIARY
yolo_dataset/000028620259.jpg,ADVISORY SPEED MPH
yolo_dataset/000010745357.jpg,ADVISORY SPEED MPH
yolo_dataset/000002065027.jpg,ADVISORY SPEED MPH
yolo_dataset/000002490317.jpg,ADVISORY SPEED MPH
yolo_dataset/000029560279.jpg,ADVISORY SPEED MPH
yolo_dataset/000008620069.jpg,ADVISORY SPEED MPH
yolo_dataset/000019420366.jpg,ADVISORY SPEED MPH
yolo_dataset/000026825009.jpg,DIRECTIONAL ARROW AUXILIARY
yolo_dataset/000016660345.jpg,DIRECTIONAL ARROW AUXILIARY
yolo_dataset/000012495428.jpg,DIRECTIONAL ARROW AUXILIARY
yolo_dataset/000000755331.jpg,ADVISORY SPEED MPH
yolo_dataset/000018530186.jpg,ADVISORY SPEED MPH
yolo_dataset/000029245137.jpg,ADVISORY SPEED MPH
yolo_dataset/000008650594.jpg,ADVISORY SPEED MPH
yolo_dataset/000014185483.jpg,ADVISORY SPEED MPH
yolo_dataset/000003035608.jpg,ADVISORY SPEED MPH
yolo_dataset/000004955385.jpg,ADVISORY SPEED MPH
yolo_dataset/000008525119.jpg,ADVISORY SPEED MPH
yolo_dataset/000007345474.jpg,ADVISORY SPEED MPH
yolo_dataset/000003415149.jpg,ADVISORY SPEED MPH
yolo_dataset/000021500144.jpg,ADVISORY SPEED MPH
yolo_dataset/000007460149.jpg,ADVISORY SPEED MPH
yolo_dataset/000005260282.jpg,ADVISORY SPEED MPH
yolo_dataset/000007345705.jpg,ADVISORY SPEED MPH
yolo_dataset/000000690191.jpg,DIRECTIONAL ARROW AUXILIARY
yolo_dataset/000002170356.jpg,ADVISORY SPEED MPH
yolo_dataset/000028900232.jpg,DIRECTIONAL ARROW AUXILIARY
yolo_dataset/000025665284.jpg,ADVISORY SPEED MPH
yolo_dataset/000041810232.jpg,ADVISORY SPEED MPH
yolo_dataset/000017340262.jpg,ADVISORY SPEED MPH
yolo_dataset/000002595159.jpg,ADVISORY SPEED MPH
yolo_dataset/000019855283.jpg,ADVISORY SPEED MPH
yolo_dataset/000005395186.jpg,DIRECTIONAL ARROW AUXILIARY
yolo_dataset/000015180262.jpg,ADVISORY SPEED MPH
yolo_dataset/000009440584.jpg,ADVISORY SPEED MPH
yolo_dataset/000000905082.jpg,ADVISORY SPEED MPH
yolo_dataset/000038205156.jpg,ADVISORY SPEED MPH
yolo_dataset/000017340253.jpg,ADVISORY SPEED MPH
yolo_dataset/000000505308.jpg,DIRECTIONAL ARROW AUXILIARY
yolo_dataset/000003275268.jpg,ADVISORY SPEED MPH
yolo_dataset/000001555258.jpg,ADVISORY SPEED MPH
yolo_dataset/000006820589.jpg,ADVISORY SPEED MPH
yolo_dataset/000017710225.jpg,ADVISORY SPEED MPH
yolo_dataset/000002955077.jpg,ADVISORY SPEED MPH
yolo_dataset/000020260503.jpg,ADVISORY SPEED MPH
yolo_dataset/000009805308.jpg,ADVISORY SPEED MPH
yolo_dataset/000009850287.jpg,ADVISORY SPEED MPH
yolo_dataset/000000570175.jpg,ADVISORY SPEED MPH
yolo_dataset/000003595084.jpg,DO NOT ENTER
yolo_dataset/000017675353.jpg,ADVISORY SPEED MPH
yolo_dataset/000014055219.jpg,ADVISORY SPEED MPH
yolo_dataset/000008620463.jpg,ADVISORY SPEED MPH
yolo_dataset/000001475110.jpg,ADVISORY SPEED MPH
yolo_dataset/000004325124.jpg,DO NOT ENTER
yolo_dataset/000002425603.jpg,ADVISORY SPEED MPH
yolo_dataset/000009275130.jpg,ADVISORY SPEED MPH
yolo_dataset/000002280424.jpg,DIRECTIONAL ARROW AUXILIARY
yolo_dataset/000000120009.jpg,DO NOT ENTER
yolo_dataset/000000205504.jpg,DO NOT ENTER
yolo_dataset/000000770504.jpg,ADVISORY SPEED MPH
yolo_dataset/000021450392.jpg,ADVISORY SPEED MPH
yolo_dataset/000011780212.jpg,DIRECTIONAL ARROW AUXILIARY
yolo_dataset/000002855037.jpg,ADVISORY SPEED MPH
yolo_dataset/000018325350.jpg,ADVISORY SPEED MPH
yolo_dataset/000004650099.jpg,ADVISORY SPEED MPH
yolo_dataset/000005550643.jpg,ADVISORY SPEED MPH
yolo_dataset/000012630224.jpg,ADVISORY SPEED MPH
yolo_dataset/000024690039.jpg,ADVISORY SPEED MPH
yolo_dataset/000005225501.jpg,ADVISORY SPEED MPH
yolo_dataset/000007750136.jpg,DO NOT ENTER
yolo_dataset/000008325272.jpg,DIRECTIONAL ARROW AUXILIARY
yolo_dataset/000001490157.jpg,DO NOT ENTER
yolo_dataset/000006980563.jpg,ADVISORY SPEED MPH
yolo_dataset/000009590033.jpg,DO NOT ENTER
yolo_dataset/000010425497.jpg,ADVISORY SPEED MPH
yolo_dataset/000015940604.jpg,ADVISORY SPEED MPH
yolo_dataset/000007385238.jpg,DO NOT ENTER
yolo_dataset/000008245009.jpg,DO NOT ENTER
yolo_dataset/000002095167.jpg,DO NOT ENTER
yolo_dataset/000038770629.jpg,ADVISORY SPEED MPH
yolo_dataset/000076710196.jpg,DIRECTIONAL ARROW AUXILIARY
yolo_dataset/000008745181.jpg,DIRECTIONAL ARROW AUXILIARY
yolo_dataset/000017610451.jpg,ADVISORY SPEED MPH
yolo_dataset/000012690138.jpg,ADVISORY SPEED MPH
yolo_dataset/000014625124.jpg,DO NOT ENTER
yolo_dataset/000034470136.jpg,ADVISORY SPEED MPH
yolo_dataset/000004120210.jpg,ADVISORY SPEED MPH
yolo_dataset/000030330572.jpg,ADVISORY SPEED MPH
yolo_dataset/000003775224.jpg,ADVISORY SPEED MPH
yolo_dataset/000015050210.jpg,ADVISORY SPEED MPH
yolo_dataset/000021335668.jpg,DIRECTIONAL ARROW AUXILIARY
yolo_dataset/000002130336.jpg,DO NOT ENTER
yolo_dataset/000002890390.jpg,ADVISORY SPEED MPH
yolo_dataset/000008365430.jpg,ADVISORY SPEED MPH
yolo_dataset/000010440058.jpg,DO NOT ENTER
yolo_dataset/000005525007.jpg,ADVISORY SPEED MPH
yolo_dataset/000029950192.jpg,ADVISORY SPEED MPH
yolo_dataset/000002090073.jpg,DO NOT ENTER
yolo_dataset/000000975212.jpg,ADVISORY SPEED MPH
yolo_dataset/000002880406.jpg,ADVISORY SPEED MPH
yolo_dataset/000015245304.jpg,DO NOT ENTER
yolo_dataset/000039915320.jpg,ADVISORY SPEED MPH
yolo_dataset/000001010175.jpg,DO NOT ENTER
yolo_dataset/000013225210.jpg,DIRECTIONAL ARROW AUXILIARY
yolo_dataset/000000705004.jpg,DO NOT ENTER
yolo_dataset/000035560439.jpg,ADVISORY SPEED MPH
yolo_dataset/000011220630.jpg,ADVISORY SPEED MPH
yolo_dataset/000024200257.jpg,ADVISORY SPEED MPH
yolo_dataset/000014830671.jpg,ADVISORY SPEED MPH
yolo_dataset/000007060187.jpg,ADVISORY SPEED MPH
yolo_dataset/000004270067.jpg,ADVISORY SPEED MPH
yolo_dataset/000014585353.jpg,ADVISORY SPEED MPH
yolo_dataset/000007565458.jpg,ADVISORY SPEED MPH
yolo_dataset/000011055243.jpg,ADVISORY SPEED MPH
yolo_dataset/000001410531.jpg,ADVISORY SPEED MPH
yolo_dataset/000009275392.jpg,ADVISORY SPEED MPH
yolo_dataset/000004800515.jpg,ADVISORY SPEED MPH
yolo_dataset/000025520625.jpg,ADVISORY SPEED MPH
yolo_dataset/000007115546.jpg,ADVISORY SPEED MPH
yolo_dataset/000014105052.jpg,DO NOT ENTER
yolo_dataset/000025775209.jpg,ADVISORY SPEED MPH
yolo_dataset/000020735070.jpg,ADVISORY SPEED MPH
yolo_dataset/000029100521.jpg,ADVISORY SPEED MPH
yolo_dataset/000039460450.jpg,ADVISORY SPEED MPH
yolo_dataset/000004940450.jpg,ADVISORY SPEED MPH
yolo_dataset/000032740088.jpg,DIRECTIONAL ARROW AUXILIARY
yolo_dataset/000030485567.jpg,ADVISORY SPEED MPH
yolo_dataset/000004655244.jpg,ADVISORY SPEED MPH
yolo_dataset/000003185119.jpg,DIRECTIONAL ARROW AUXILIARY
yolo_dataset/000000870051.jpg,ADVISORY SPEED MPH
yolo_dataset/000017495206.jpg,DIRECTIONAL ARROW AUXILIARY
yolo_dataset/000036045620.jpg,ADVISORY SPEED MPH
yolo_dataset/000004495647.jpg,ADVISORY SPEED MPH
yolo_dataset/000000200061.jpg,DIRECTIONAL ARROW AUXILIARY
yolo_dataset/000033955166.jpg,ADVISORY SPEED MPH
yolo_dataset/000011515581.jpg,ADVISORY SPEED MPH
yolo_dataset/000001190011.jpg,DO NOT ENTER
yolo_dataset/000000335126.jpg,ADVISORY SPEED MPH
yolo_dataset/000004295138.jpg,DIRECTIONAL ARROW AUXILIARY
yolo_dataset/000112760359.jpg,DIRECTIONAL ARROW AUXILIARY
yolo_dataset/000014505082.jpg,ADVISORY SPEED MPH
yolo_dataset/000037060733.jpg,ADVISORY SPEED MPH
yolo_dataset/000010225075.jpg,ADVISORY SPEED MPH
yolo_dataset/000003725169.jpg,DO NOT ENTER
yolo_dataset/000010130639.jpg,ADVISORY SPEED MPH
yolo_dataset/000022655173.jpg,DO NOT ENTER
yolo_dataset/000018830034.jpg,ADVISORY SPEED MPH
yolo_dataset/000004060481.jpg,ADVISORY SPEED MPH
yolo_dataset/000000765110.jpg,ADVISORY SPEED MPH
yolo_dataset/000012555180.jpg,DIRECTIONAL ARROW AUXILIARY
yolo_dataset/000015020592.jpg,ADVISORY SPEED MPH
yolo_dataset/000011870689.jpg,ADVISORY SPEED MPH
yolo_dataset/000018475299.jpg,ADVISORY SPEED MPH
yolo_dataset/000012800503.jpg,ADVISORY SPEED MPH
yolo_dataset/000002800331.jpg,DO NOT ENTER
yolo_dataset/000011280689.jpg,ADVISORY SPEED MPH
yolo_dataset/000000095115.jpg,ADVISORY SPEED MPH
yolo_dataset/000010880640.jpg,ADVISORY SPEED MPH
yolo_dataset/000007195055.jpg,DO NOT ENTER
yolo_dataset/000014620398.jpg,ADVISORY SPEED MPH
yolo_dataset/000005030388.jpg,ADVISORY SPEED MPH
yolo_dataset/000012680147.jpg,ADVISORY SPEED MPH
yolo_dataset/000001615701.jpg,ADVISORY SPEED MPH
yolo_dataset/000021355181.jpg,ADVISORY SPEED MPH
yolo_dataset/000019405295.jpg,ADVISORY SPEED MPH
yolo_dataset/000004655066.jpg,ADVISORY SPEED MPH
yolo_dataset/000008440442.jpg,ADVISORY SPEED MPH
yolo_dataset/000010345432.jpg,ADVISORY SPEED MPH
yolo_dataset/000001080088.jpg,ADVISORY SPEED MPH
yolo_dataset/000007300391.jpg,ADVISORY SPEED MPH
yolo_dataset/000030320127.jpg,ADVISORY SPEED MPH
yolo_dataset/000001210189.jpg,ADVISORY SPEED MPH
yolo_dataset/000025400418.jpg,ADVISORY SPEED MPH
yolo_dataset/000010000208.jpg,DIRECTIONAL ARROW AUXILIARY
yolo_dataset/000011955579.jpg,DIRECTIONAL ARROW AUXILIARY
yolo_dataset/000009180035.jpg,DO NOT ENTER
yolo_dataset/000036415613.jpg,ADVISORY SPEED MPH
yolo_dataset/000002045396.jpg,ADVISORY SPEED MPH
yolo_dataset/000018405262.jpg,DIRECTIONAL ARROW AUXILIARY
yolo_dataset/000000695132.jpg,DO NOT ENTER
yolo_dataset/000003635420.jpg,ADVISORY SPEED MPH
yolo_dataset/000029685454.jpg,ADVISORY SPEED MPH
yolo_dataset/000032300540.jpg,ADVISORY SPEED MPH
yolo_dataset/000003965507.jpg,ADVISORY SPEED MPH
yolo_dataset/000002405642.jpg,ADVISORY SPEED MPH
yolo_dataset/000008400706.jpg,ADVISORY SPEED MPH
yolo_dataset/000002630185.jpg,DO NOT ENTER
yolo_dataset/000028110054.jpg,DIRECTIONAL ARROW AUXILIARY
yolo_dataset/000003075328.jpg,ADVISORY SPEED MPH
yolo_dataset/000004470028.jpg,DIRECTIONAL ARROW AUXILIARY
yolo_dataset/000005500164.jpg,DIRECTIONAL ARROW AUXILIARY
yolo_dataset/000027525558.jpg,ADVISORY SPEED MPH
yolo_dataset/000038780037.jpg,ADVISORY SPEED MPH
yolo_dataset/000013125653.jpg,ADVISORY SPEED MPH
yolo_dataset/000011410579.jpg,ADVISORY SPEED MPH
yolo_dataset/000006565367.jpg,DIRECTIONAL ARROW AUXILIARY
yolo_dataset/000034690098.jpg,ADVISORY SPEED MPH
yolo_dataset/000028905101.jpg,DIRECTIONAL ARROW AUXILIARY
yolo_dataset/000006325289.jpg,ADVISORY SPEED MPH
yolo_dataset/000025305381.jpg,ADVISORY SPEED MPH
yolo_dataset/000011665549.jpg,DO NOT ENTER
yolo_dataset/000026885221.jpg,ADVISORY SPEED MPH
yolo_dataset/000003420443.jpg,ADVISORY SPEED MPH
yolo_dataset/000001335149.jpg,DIRECTIONAL ARROW AUXILIARY
yolo_dataset/000001380236.jpg,ADVISORY SPEED MPH
yolo_dataset/000001570411.jpg,ADVISORY SPEED MPH
yolo_dataset/000004270403.jpg,DO NOT ENTER
yolo_dataset/000000735073.jpg,DO NOT ENTER
yolo_dataset/000001620588.jpg,ADVISORY SPEED MPH
yolo_dataset/000019150044.jpg,ADVISORY SPEED MPH
yolo_dataset/000005060236.jpg,ADVISORY SPEED MPH
yolo_dataset/000028070280.jpg,ADVISORY SPEED MPH
yolo_dataset/000009810118.jpg,DO NOT ENTER
yolo_dataset/000017510441.jpg,ADVISORY SPEED MPH
yolo_dataset/000013735476.jpg,ADVISORY SPEED MPH
yolo_dataset/000002175568.jpg,ADVISORY SPEED MPH
yolo_dataset/000032250601.jpg,ADVISORY SPEED MPH
yolo_dataset/000112425306.jpg,DIRECTIONAL ARROW AUXILIARY
yolo_dataset/000005260526.jpg,DO NOT ENTER
yolo_dataset/000021365079.jpg,DIRECTIONAL ARROW AUXILIARY
yolo_dataset/000034735071.jpg,ADVISORY SPEED MPH
yolo_dataset/000081265049.jpg,DIRECTIONAL ARROW AUXILIARY
yolo_dataset/000003310135.jpg,DIRECTIONAL ARROW AUXILIARY
yolo_dataset/000017000490.jpg,ADVISORY SPEED MPH
yolo_dataset/000009360367.jpg,ADVISORY SPEED MPH
yolo_dataset/000013080466.jpg,DIRECTIONAL ARROW AUXILIARY
yolo_dataset/000036235234.jpg,DIRECTIONAL ARROW AUXILIARY
yolo_dataset/000018445613.jpg,DIRECTIONAL ARROW AUXILIARY
yolo_dataset/000002035128.jpg,ADVISORY SPEED MPH
yolo_dataset/000007335307.jpg,ADVISORY SPEED MPH
yolo_dataset/000011810223.jpg,ADVISORY SPEED MPH
yolo_dataset/000001400599.jpg,ADVISORY SPEED MPH
yolo_dataset/000008380027.jpg,ADVISORY SPEED MPH
yolo_dataset/000017525340.jpg,ADVISORY SPEED MPH
yolo_dataset/000019100382.jpg,DO NOT ENTER
yolo_dataset/000034745136.jpg,ADVISORY SPEED MPH
yolo_dataset/000009870369.jpg,ADVISORY SPEED MPH
yolo_dataset/000001215361.jpg,ADVISORY SPEED MPH
yolo_dataset/000014205065.jpg,ADVISORY SPEED MPH
yolo_dataset/000025310024.jpg,ADVISORY SPEED MPH
yolo_dataset/000010570600.jpg,ADVISORY SPEED MPH
yolo_dataset/000000860020.jpg,DIRECTIONAL ARROW AUXILIARY
yolo_dataset/000010040166.jpg,DO NOT ENTER
yolo_dataset/000005465384.jpg,ADVISORY SPEED MPH
yolo_dataset/000016250594.jpg,ADVISORY SPEED MPH
yolo_dataset/000006160262.jpg,DO NOT ENTER
yolo_dataset/000003985003.jpg,ADVISORY SPEED MPH
yolo_dataset/000011980322.jpg,ADVISORY SPEED MPH
yolo_dataset/000004850534.jpg,DO NOT ENTER
yolo_dataset/000003835555.jpg,ADVISORY SPEED MPH
yolo_dataset/000000760287.jpg,ADVISORY SPEED MPH
yolo_dataset/000032690354.jpg,ADVISORY SPEED MPH
yolo_dataset/000036985143.jpg,ADVISORY SPEED MPH
yolo_dataset/000015125569.jpg,ADVISORY SPEED MPH
yolo_dataset/000018305201.jpg,DIRECTIONAL ARROW AUXILIARY
yolo_dataset/000010425055.jpg,DIRECTIONAL ARROW AUXILIARY
yolo_dataset/000000510314.jpg,DO NOT ENTER
yolo_dataset/000031445175.jpg,DO NOT ENTER
yolo_dataset/000004910592.jpg,ADVISORY SPEED MPH
yolo_dataset/000005210536.jpg,ADVISORY SPEED MPH
yolo_dataset/000001210485.jpg,ADVISORY SPEED MPH
yolo_dataset/000041320239.jpg,DIRECTIONAL ARROW AUXILIARY
yolo_dataset/000002225109.jpg,DO NOT ENTER
yolo_dataset/000001845248.jpg,ADVISORY SPEED MPH
yolo_dataset/000001975121.jpg,ADVISORY SPEED MPH
yolo_dataset/000007285144.jpg,ADVISORY SPEED MPH
yolo_dataset/000024385548.jpg,ADVISORY SPEED MPH
yolo_dataset/000012595713.jpg,DO NOT ENTER
yolo_dataset/000007830020.jpg,ADVISORY SPEED MPH
yolo_dataset/000002520071.jpg,DO NOT ENTER
yolo_dataset/000017410615.jpg,DIRECTIONAL ARROW AUXILIARY
yolo_dataset/000004890240.jpg,ADVISORY SPEED MPH
yolo_dataset/000008950131.jpg,DO NOT ENTER
yolo_dataset/000002630204.jpg,ADVISORY SPEED MPH
yolo_dataset/000026430523.jpg,ADVISORY SPEED MPH
yolo_dataset/000003435348.jpg,ADVISORY SPEED MPH
yolo_dataset/000011655284.jpg,DO NOT ENTER
yolo_dataset/000011560254.jpg,DIRECTIONAL ARROW AUXILIARY
yolo_dataset/000033550301.jpg,ADVISORY SPEED MPH
yolo_dataset/000031600576.jpg,ADVISORY SPEED MPH
yolo_dataset/000021335682.jpg,ADVISORY SPEED MPH
yolo_dataset/000000700035.jpg,DO NOT ENTER
yolo_dataset/000029510323.jpg,ADVISORY SPEED MPH
yolo_dataset/000008520342.jpg,DO NOT ENTER
yolo_dataset/000015260618.jpg,ADVISORY SPEED MPH
yolo_dataset/000005965022.jpg,DO NOT ENTER
yolo_dataset/000004045133.jpg,ADVISORY SPEED MPH
yolo_dataset/000032935155.jpg,DIRECTIONAL ARROW AUXILIARY
yolo_dataset/000000730215.jpg,DO NOT ENTER
yolo_dataset/000001370175.jpg,ADVISORY SPEED MPH
yolo_dataset/000014505559.jpg,ADVISORY SPEED MPH
yolo_dataset/000026270618.jpg,ADVISORY SPEED MPH
yolo_dataset/000016485307.jpg,ADVISORY SPEED MPH
yolo_dataset/000023470575.jpg,ADVISORY SPEED MPH
yolo_dataset/000005320111.jpg,DIRECTIONAL ARROW AUXILIARY
yolo_dataset/000006285238.jpg,DIRECTIONAL ARROW AUXILIARY
yolo_dataset/000000250164.jpg,DO NOT ENTER
yolo_dataset/000026975488.jpg,ADVISORY SPEED MPH
yolo_dataset/000019370770.jpg,DIRECTIONAL ARROW AUXILIARY
yolo_dataset/000006555444.jpg,ADVISORY SPEED MPH
yolo_dataset/000013120012.jpg,DIRECTIONAL ARROW AUXILIARY
yolo_dataset/000074540237.jpg,DIRECTIONAL ARROW AUXILIARY
yolo_dataset/000037195137.jpg,ADVISORY SPEED MPH
yolo_dataset/000002100602.jpg,ADVISORY SPEED MPH
yolo_dataset/000034815784.jpg,ADVISORY SPEED MPH
yolo_dataset/000011600026.jpg,ADVISORY SPEED MPH
yolo_dataset/000014170362.jpg,DO NOT ENTER
yolo_dataset/000004170309.jpg,ADVISORY SPEED MPH
yolo_dataset/000003785498.jpg,ADVISORY SPEED MPH
yolo_dataset/000013735091.jpg,ADVISORY SPEED MPH
yolo_dataset/000002965152.jpg,DIRECTIONAL ARROW AUXILIARY
yolo_dataset/000011585116.jpg,ADVISORY SPEED MPH
yolo_dataset/000004100172.jpg,ADVISORY SPEED MPH
yolo_dataset/000006445032.jpg,DO NOT ENTER
yolo_dataset/000016605184.jpg,ADVISORY SPEED MPH
yolo_dataset/000029605125.jpg,ADVISORY SPEED MPH
yolo_dataset/000021805592.jpg,ADVISORY SPEED MPH
yolo_dataset/000000330138.jpg,DIRECTIONAL ARROW AUXILIARY
yolo_dataset/000005630005.jpg,DIRECTIONAL ARROW AUXILIARY
yolo_dataset/000002280693.jpg,ADVISORY SPEED MPH
yolo_dataset/000010840013.jpg,ADVISORY SPEED MPH
yolo_dataset/000032600265.jpg,ADVISORY SPEED MPH
yolo_dataset/000000685439.jpg,ADVISORY SPEED MPH
yolo_dataset/000000730012.jpg,DIRECTIONAL ARROW AUXILIARY
yolo_dataset/000005920240.jpg,ADVISORY SPEED MPH
yolo_dataset/000009225339.jpg,ADVISORY SPEED MPH
yolo_dataset/000000240123.jpg,ADVISORY SPEED MPH
yolo_dataset/000022300219.jpg,ADVISORY SPEED MPH
yolo_dataset/000006550312.jpg,ADVISORY SPEED MPH
yolo_dataset/000004005042.jpg,ADVISORY SPEED MPH
yolo_dataset/000005180261.jpg,ADVISORY SPEED MPH
yolo_dataset/000006535390.jpg,ADVISORY SPEED MPH
yolo_dataset/000005510158.jpg,ADVISORY SPEED MPH
yolo_dataset/000003405102.jpg,DO NOT ENTER
yolo_dataset/000020790234.jpg,ADVISORY SPEED MPH
yolo_dataset/000000755511.jpg,DO NOT ENTER
yolo_dataset/000003665387.jpg,ADVISORY SPEED MPH
yolo_dataset/000004775004.jpg,ADVISORY SPEED MPH
yolo_dataset/000002115388.jpg,ADVISORY SPEED MPH
yolo_dataset/000018400709.jpg,DIRECTIONAL ARROW AUXILIARY
yolo_dataset/000005685525.jpg,ADVISORY SPEED MPH
yolo_dataset/000020960488.jpg,ADVISORY SPEED MPH
yolo_dataset/000002400143.jpg,ADVISORY SPEED MPH
yolo_dataset/000001465300.jpg,DO NOT ENTER
yolo_dataset/000007360568.jpg,ADVISORY SPEED MPH
yolo_dataset/000028245309.jpg,ADVISORY SPEED MPH
yolo_dataset/000008075539.jpg,ADVISORY SPEED MPH
yolo_dataset/000006905129.jpg,DIRECTIONAL ARROW AUXILIARY
yolo_dataset/000006980254.jpg,ADVISORY SPEED MPH
yolo_dataset/000019990210.jpg,DIRECTIONAL ARROW AUXILIARY
yolo_dataset/000033595442.jpg,DIRECTIONAL ARROW AUXILIARY
yolo_dataset/000006835341.jpg,DO NOT ENTER
yolo_dataset/000083845145.jpg,DIRECTIONAL ARROW AUXILIARY
yolo_dataset/000003610323.jpg,ADVISORY SPEED MPH
yolo_dataset/000018280420.jpg,ADVISORY SPEED MPH
yolo_dataset/000010585503.jpg,ADVISORY SPEED MPH
yolo_dataset/000005400487.jpg,ADVISORY SPEED MPH
yolo_dataset/000007500599.jpg,DIRECTIONAL ARROW AUXILIARY
yolo_dataset/000020430299.jpg,ADVISORY SPEED MPH
yolo_dataset/000008420574.jpg,ADVISORY SPEED MPH
yolo_dataset/000011180196.jpg,ADVISORY SPEED MPH
yolo_dataset/000007715729.jpg,ADVISORY SPEED MPH
yolo_dataset/000020455632.jpg,ADVISORY SPEED MPH
yolo_dataset/000005425090.jpg,ADVISORY SPEED MPH
yolo_dataset/000002790229.jpg,DO NOT ENTER
yolo_dataset/000002035393.jpg,ADVISORY SPEED MPH
yolo_dataset/000003525119.jpg,ADVISORY SPEED MPH
yolo_dataset/000017180553.jpg,ADVISORY SPEED MPH
yolo_dataset/000005530520.jpg,ADVISORY SPEED MPH
yolo_dataset/000007535068.jpg,ADVISORY SPEED MPH
yolo_dataset/000005280222.jpg,ADVISORY SPEED MPH
yolo_dataset/000037210008.jpg,DIRECTIONAL ARROW AUXILIARY
yolo_dataset/000017385139.jpg,ADVISORY SPEED MPH
yolo_dataset/000012885177.jpg,ADVISORY SPEED MPH
yolo_dataset/000020125003.jpg,ADVISORY SPEED MPH
yolo_dataset/000004000557.jpg,ADVISORY SPEED MPH
yolo_dataset/000006685088.jpg,ADVISORY SPEED MPH
yolo_dataset/000005105095.jpg,ADVISORY SPEED MPH
yolo_dataset/000007740466.jpg,ADVISORY SPEED MPH
yolo_dataset/000003820446.jpg,DO NOT ENTER
yolo_dataset/000027910280.jpg,ADVISORY SPEED MPH
yolo_dataset/000004715051.jpg,ADVISORY SPEED MPH
yolo_dataset/000011460102.jpg,DO NOT ENTER
yolo_dataset/000001985778.jpg,ADVISORY SPEED MPH
yolo_dataset/000004910021.jpg,ADVISORY SPEED MPH
yolo_dataset/000035955389.jpg,ADVISORY SPEED MPH
yolo_dataset/000010560228.jpg,DIRECTIONAL ARROW AUXILIARY
yolo_dataset/000009600714.jpg,ADVISORY SPEED MPH
yolo_dataset/000002090167.jpg,ADVISORY SPEED MPH
yolo_dataset/000001985643.jpg,ADVISORY SPEED MPH
yolo_dataset/000003415213.jpg,ADVISORY SPEED MPH
yolo_dataset/000013035228.jpg,ADVISORY SPEED MPH
yolo_dataset/000032755207.jpg,DIRECTIONAL ARROW AUXILIARY
yolo_dataset/000010405421.jpg,ADVISORY SPEED MPH
yolo_dataset/000004575645.jpg,ADVISORY SPEED MPH
yolo_dataset/000039450607.jpg,ADVISORY SPEED MPH
yolo_dataset/000022105030.jpg,DO NOT ENTER
yolo_dataset/000021770156.jpg,ADVISORY SPEED MPH
yolo_dataset/000012945212.jpg,DO NOT ENTER
yolo_dataset/000003905405.jpg,ADVISORY SPEED MPH
yolo_dataset/000029110325.jpg,ADVISORY SPEED MPH
yolo_dataset/000005130107.jpg,ADVISORY SPEED MPH
yolo_dataset/000022595033.jpg,ADVISORY SPEED MPH
yolo_dataset/000032305452.jpg,ADVISORY SPEED MPH
yolo_dataset/000033480310.jpg,DIRECTIONAL ARROW AUXILIARY
yolo_dataset/000010875226.jpg,DO NOT ENTER
yolo_dataset/000005150214.jpg,ADVISORY SPEED MPH
yolo_dataset/000000975660.jpg,ADVISORY SPEED MPH
yolo_dataset/000018710487.jpg,ADVISORY SPEED MPH
yolo_dataset/000019855151.jpg,ADVISORY SPEED MPH
yolo_dataset/000004080257.jpg,ADVISORY SPEED MPH
yolo_dataset/000002060166.jpg,DIRECTIONAL ARROW AUXILIARY
yolo_dataset/000003710673.jpg,ADVISORY SPEED MPH
yolo_dataset/000024760405.jpg,ADVISORY SPEED MPH
yolo_dataset/000019765241.jpg,DIRECTIONAL ARROW AUXILIARY
yolo_dataset/000014890358.jpg,ADVISORY SPEED MPH
yolo_dataset/000006580540.jpg,ADVISORY SPEED MPH
yolo_dataset/000001130248.jpg,ADVISORY SPEED MPH
yolo_dataset/000052855404.jpg,DIRECTIONAL ARROW AUXILIARY
yolo_dataset/000000540145.jpg,DO NOT ENTER
yolo_dataset/000020495055.jpg,ADVISORY SPEED MPH
yolo_dataset/000021540057.jpg,ADVISORY SPEED MPH
yolo_dataset/000022285220.jpg,DIRECTIONAL ARROW AUXILIARY
yolo_dataset/000010850237.jpg,ADVISORY SPEED MPH
yolo_dataset/000004320346.jpg,ADVISORY SPEED MPH
yolo_dataset/000009850654.jpg,ADVISORY SPEED MPH
yolo_dataset/000009175000.jpg,DO NOT ENTER
yolo_dataset/000031515010.jpg,ADVISORY SPEED MPH
yolo_dataset/000017400347.jpg,DO NOT ENTER
yolo_dataset/000002520182.jpg,ADVISORY SPEED MPH
yolo_dataset/000000535557.jpg,ADVISORY SPEED MPH
yolo_dataset/000008310559.jpg,ADVISORY SPEED MPH
yolo_dataset/000003165160.jpg,ADVISORY SPEED MPH
yolo_dataset/000007345106.jpg,DIRECTIONAL ARROW AUXILIARY
yolo_dataset/000013965166.jpg,DIRECTIONAL ARROW AUXILIARY
yolo_dataset/000001455372.jpg,DO NOT ENTER
yolo_dataset/000017465057.jpg,DIRECTIONAL ARROW AUXILIARY
yolo_dataset/000038950147.jpg,DIRECTIONAL ARROW AUXILIARY
yolo_dataset/000006540538.jpg,ADVISORY SPEED MPH
yolo_dataset/000004715447.jpg,DO NOT ENTER
yolo_dataset/000002680446.jpg,ADVISORY SPEED MPH
yolo_dataset/000008230085.jpg,ADVISORY SPEED MPH
yolo_dataset/000025030485.jpg,ADVISORY SPEED MPH
yolo_dataset/000003095040.jpg,ADVISORY SPEED MPH
yolo_dataset/000025230572.jpg,ADVISORY SPEED MPH
yolo_dataset/000027480238.jpg,ADVISORY SPEED MPH
yolo_dataset/000006900385.jpg,ADVISORY SPEED MPH
yolo_dataset/000006975252.jpg,ADVISORY SPEED MPH
yolo_dataset/000009310345.jpg,ADVISORY SPEED MPH
yolo_dataset/000002330510.jpg,ADVISORY SPEED MPH
yolo_dataset/000005745438.jpg,ADVISORY SPEED MPH
yolo_dataset/000014550099.jpg,ADVISORY SPEED MPH
yolo_dataset/000027315006.jpg,DIRECTIONAL ARROW AUXILIARY
yolo_dataset/000016825210.jpg,ADVISORY SPEED MPH
yolo_dataset/000000285151.jpg,DIRECTIONAL ARROW AUXILIARY
yolo_dataset/000037085169.jpg,ADVISORY SPEED MPH
yolo_dataset/000007925560.jpg,ADVISORY SPEED MPH
yolo_dataset/000005645534.jpg,ADVISORY SPEED MPH
yolo_dataset/000000765051.jpg,ADVISORY SPEED MPH
yolo_dataset/000026785214.jpg,DO NOT ENTER
yolo_dataset/000006630058.jpg,ADVISORY SPEED MPH
yolo_dataset/000002975527.jpg,ADVISORY SPEED MPH
yolo_dataset/000001335422.jpg,ADVISORY SPEED MPH
yolo_dataset/000001265339.jpg,ADVISORY SPEED MPH
yolo_dataset/000005620045.jpg,DO NOT ENTER
yolo_dataset/000001380329.jpg,ADVISORY SPEED MPH
yolo_dataset/000013640317.jpg,ADVISORY SPEED MPH
yolo_dataset/000011050049.jpg,ADVISORY SPEED MPH
yolo_dataset/000004160456.jpg,ADVISORY SPEED MPH
yolo_dataset/000001925429.jpg,ADVISORY SPEED MPH
yolo_dataset/000004895620.jpg,ADVISORY SPEED MPH
yolo_dataset/000001550186.jpg,DO NOT ENTER
yolo_dataset/000005160409.jpg,ADVISORY SPEED MPH
yolo_dataset/000021585460.jpg,DO NOT ENTER
yolo_dataset/000001510515.jpg,ADVISORY SPEED MPH
yolo_dataset/000006230192.jpg,ADVISORY SPEED MPH
yolo_dataset/000000485003.jpg,DO NOT ENTER
yolo_dataset/000001555078.jpg,ADVISORY SPEED MPH
yolo_dataset/000008630258.jpg,ADVISORY SPEED MPH
yolo_dataset/000004430125.jpg,ADVISORY SPEED MPH
yolo_dataset/000019075351.jpg,ADVISORY SPEED MPH
yolo_dataset/000039450674.jpg,ADVISORY SPEED MPH
yolo_dataset/000001305228.jpg,ADVISORY SPEED MPH
yolo_dataset/000011615441.jpg,ADVISORY SPEED MPH
yolo_dataset/000005725567.jpg,DO NOT ENTER
yolo_dataset/000000435161.jpg,DO NOT ENTER
yolo_dataset/000007105292.jpg,DO NOT ENTER
yolo_dataset/000032470523.jpg,ADVISORY SPEED MPH
yolo_dataset/000018915410.jpg,DIRECTIONAL ARROW AUXILIARY
yolo_dataset/000023680225.jpg,ADVISORY SPEED MPH
yolo_dataset/000022050125.jpg,ADVISORY SPEED MPH
yolo_dataset/000011365197.jpg,DO NOT ENTER
yolo_dataset/000022440481.jpg,ADVISORY SPEED MPH
yolo_dataset/000008970413.jpg,ADVISORY SPEED MPH
yolo_dataset/000004720319.jpg,ADVISORY SPEED MPH
yolo_dataset/000013190227.jpg,DO NOT ENTER
yolo_dataset/000009985294.jpg,DIRECTIONAL ARROW AUXILIARY
yolo_dataset/000026765799.jpg,ADVISORY SPEED MPH
yolo_dataset/000031550006.jpg,ADVISORY SPEED MPH
yolo_dataset/000001635349.jpg,DIRECTIONAL ARROW AUXILIARY
yolo_dataset/000017775536.jpg,ADVISORY SPEED MPH
yolo_dataset/000012750167.jpg,ADVISORY SPEED MPH
yolo_dataset/000002190221.jpg,DIRECTIONAL ARROW AUXILIARY
yolo_dataset/000002845240.jpg,ADVISORY SPEED MPH
yolo_dataset/000022880041.jpg,DIRECTIONAL ARROW AUXILIARY
yolo_dataset/000012765194.jpg,ADVISORY SPEED MPH
yolo_dataset/000033330482.jpg,ADVISORY SPEED MPH
yolo_dataset/000000375119.jpg,DIRECTIONAL ARROW AUXILIARY
yolo_dataset/000012980071.jpg,DO NOT ENTER
yolo_dataset/000013605133.jpg,ADVISORY SPEED MPH
yolo_dataset/000025485203.jpg,ADVISORY SPEED MPH
yolo_dataset/000012735404.jpg,ADVISORY SPEED MPH
yolo_dataset/000009010347.jpg,ADVISORY SPEED MPH
yolo_dataset/000010425008.jpg,DO NOT ENTER
yolo_dataset/000010335117.jpg,DIRECTIONAL ARROW AUXILIARY
yolo_dataset/000009190240.jpg,DO NOT ENTER
yolo_dataset/000013125100.jpg,ADVISORY SPEED MPH
yolo_dataset/000006685350.jpg,DO NOT ENTER
yolo_dataset/000009390306.jpg,ADVISORY SPEED MPH
yolo_dataset/000004640131.jpg,ADVISORY SPEED MPH
yolo_dataset/000007510616.jpg,DIRECTIONAL ARROW AUXILIARY
yolo_dataset/000013595554.jpg,ADVISORY SPEED MPH
yolo_dataset/000001045526.jpg,ADVISORY SPEED MPH
yolo_dataset/000019435437.jpg,ADVISORY SPEED MPH
yolo_dataset/000015310521.jpg,ADVISORY SPEED MPH
yolo_dataset/000001230133.jpg,DO NOT ENTER
yolo_dataset/000008215530.jpg,ADVISORY SPEED MPH
yolo_dataset/000000790001.jpg,DO NOT ENTER
yolo_dataset/000047910506.jpg,DIRECTIONAL ARROW AUXILIARY
yolo_dataset/000001650503.jpg,ADVISORY SPEED MPH
yolo_dataset/000011050610.jpg,ADVISORY SPEED MPH
yolo_dataset/000011085009.jpg,ADVISORY SPEED MPH
yolo_dataset/000027330151.jpg,ADVISORY SPEED MPH
yolo_dataset/000002045294.jpg,ADVISORY SPEED MPH
yolo_dataset/000000600312.jpg,DO NOT ENTER
yolo_dataset/000017085373.jpg,ADVISORY SPEED MPH
yolo_dataset/000012565523.jpg,ADVISORY SPEED MPH
yolo_dataset/000023040275.jpg,ADVISORY SPEED MPH
yolo_dataset/000028285394.jpg,ADVISORY SPEED MPH
yolo_dataset/000043995024.jpg,DIRECTIONAL ARROW AUXILIARY
yolo_dataset/000002235339.jpg,ADVISORY SPEED MPH
yolo_dataset/000007735183.jpg,ADVISORY SPEED MPH
yolo_dataset/000002965509.jpg,ADVISORY SPEED MPH
yolo_dataset/000005545433.jpg,ADVISORY SPEED MPH
yolo_dataset/000035010113.jpg,ADVISORY SPEED MPH
yolo_dataset/000031080617.jpg,ADVISORY SPEED MPH
yolo_dataset/000009615440.jpg,ADVISORY SPEED MPH
yolo_dataset/000000610611.jpg,ADVISORY SPEED MPH
yolo_dataset/000002090155.jpg,ADVISORY SPEED MPH
yolo_dataset/000004265240.jpg,DO NOT ENTER
yolo_dataset/000005200168.jpg,ADVISORY SPEED MPH
yolo_dataset/000002630056.jpg,DO NOT ENTER
yolo_dataset/000021050698.jpg,ADVISORY SPEED MPH
yolo_dataset/000006730046.jpg,DO NOT ENTER
yolo_dataset/000001570541.jpg,DIRECTIONAL ARROW AUXILIARY
yolo_dataset/000007840518.jpg,ADVISORY SPEED MPH
yolo_dataset/000004900178.jpg,ADVISORY SPEED MPH
yolo_dataset/000032290364.jpg,ADVISORY SPEED MPH
yolo_dataset/000006065497.jpg,ADVISORY SPEED MPH
yolo_dataset/000009755744.jpg,DO NOT ENTER
yolo_dataset/000001345115.jpg,DIRECTIONAL ARROW AUXILIARY
yolo_dataset/000031855307.jpg,ADVISORY SPEED MPH
yolo_dataset/000002120225.jpg,ADVISORY SPEED MPH
yolo_dataset/000004110305.jpg,DO NOT ENTER
yolo_dataset/000000730057.jpg,DO NOT ENTER
yolo_dataset/000002420497.jpg,ADVISORY SPEED MPH
yolo_dataset/000023445030.jpg,ADVISORY SPEED MPH
yolo_dataset/000000840350.jpg,DO NOT ENTER
yolo_dataset/000001960133.jpg,DO NOT ENTER
yolo_dataset/000004260362.jpg,ADVISORY SPEED MPH
yolo_dataset/000010030550.jpg,ADVISORY SPEED MPH
yolo_dataset/000006940342.jpg,ADVISORY SPEED MPH
yolo_dataset/000027285354.jpg,DIRECTIONAL ARROW AUXILIARY
yolo_dataset/000003225132.jpg,DO NOT ENTER
yolo_dataset/000028650138.jpg,ADVISORY SPEED MPH
yolo_dataset/000001470491.jpg,ADVISORY SPEED MPH
yolo_dataset/000002470144.jpg,ADVISORY SPEED MPH
yolo_dataset/000000335330.jpg,DO NOT ENTER
yolo_dataset/000051235088.jpg,DIRECTIONAL ARROW AUXILIARY
yolo_dataset/000000745476.jpg,DIRECTIONAL ARROW AUXILIARY
yolo_dataset/000014015498.jpg,DIRECTIONAL ARROW AUXILIARY
yolo_dataset/000015160562.jpg,ADVISORY SPEED MPH
yolo_dataset/000015430629.jpg,ADVISORY SPEED MPH
yolo_dataset/000009520071.jpg,DO NOT ENTER
yolo_dataset/000028555014.jpg,ADVISORY SPEED MPH
yolo_dataset/000001225386.jpg,ADVISORY SPEED MPH
yolo_dataset/000011455354.jpg,DIRECTIONAL ARROW AUXILIARY
yolo_dataset/000008115213.jpg,ADVISORY SPEED MPH
yolo_dataset/000002070200.jpg,ADVISORY SPEED MPH
yolo_dataset/000000460389.jpg,DO NOT ENTER
yolo_dataset/000004340304.jpg,DO NOT ENTER
yolo_dataset/000003265170.jpg,ADVISORY SPEED MPH
yolo_dataset/000002395445.jpg,ADVISORY SPEED MPH
yolo_dataset/000006715238.jpg,ADVISORY SPEED MPH
yolo_dataset/000010575288.jpg,DO NOT ENTER
yolo_dataset/000012890002.jpg,ADVISORY SPEED MPH
yolo_dataset/000000970057.jpg,DO NOT ENTER
yolo_dataset/000021770162.jpg,ADVISORY SPEED MPH
yolo_dataset/000001670246.jpg,ADVISORY SPEED MPH
yolo_dataset/000027155251.jpg,ADVISORY SPEED MPH
yolo_dataset/000003570526.jpg,ADVISORY SPEED MPH
yolo_dataset/000001150083.jpg,ADVISORY SPEED MPH
yolo_dataset/000002305099.jpg,DO NOT ENTER
yolo_dataset/000000990156.jpg,DIRECTIONAL ARROW AUXILIARY
yolo_dataset/000014795350.jpg,ADVISORY SPEED MPH
yolo_dataset/000002070590.jpg,ADVISORY SPEED MPH
yolo_dataset/000006850149.jpg,DIRECTIONAL ARROW AUXILIARY
yolo_dataset/000006305325.jpg,ADVISORY SPEED MPH
yolo_dataset/000002680777.jpg,ADVISORY SPEED MPH
yolo_dataset/000008365358.jpg,ADVISORY SPEED MPH
yolo_dataset/000000505279.jpg,ADVISORY SPEED MPH
yolo_dataset/000036350743.jpg,ADVISORY SPEED MPH
yolo_dataset/000034640076.jpg,ADVISORY SPEED MPH
yolo_dataset/000010990574.jpg,ADVISORY SPEED MPH
yolo_dataset/000007315572.jpg,ADVISORY SPEED MPH
yolo_dataset/000000300370.jpg,ADVISORY SPEED MPH
yolo_dataset/000003165503.jpg,ADVISORY SPEED MPH
yolo_dataset/000025895262.jpg,DIRECTIONAL ARROW AUXILIARY
yolo_dataset/000028425010.jpg,ADVISORY SPEED MPH
yolo_dataset/000007645040.jpg,ADVISORY SPEED MPH
yolo_dataset/000001450275.jpg,DIRECTIONAL ARROW AUXILIARY
yolo_dataset/000010055215.jpg,ADVISORY SPEED MPH
yolo_dataset/000000895386.jpg,ADVISORY SPEED MPH
yolo_dataset/000008595057.jpg,DO NOT ENTER
yolo_dataset/000012320529.jpg,ADVISORY SPEED MPH
yolo_dataset/000006545494.jpg,DO NOT ENTER
yolo_dataset/000025780591.jpg,ADVISORY SPEED MPH
yolo_dataset/000002075538.jpg,ADVISORY SPEED MPH
yolo_dataset/000026205234.jpg,ADVISORY SPEED MPH
yolo_dataset/000014365097.jpg,ADVISORY SPEED MPH
yolo_dataset/000039140037.jpg,ADVISORY SPEED MPH
yolo_dataset/000021415171.jpg,ADVISORY SPEED MPH
yolo_dataset/000033830615.jpg,ADVISORY SPEED MPH
yolo_dataset/000000985070.jpg,DIRECTIONAL ARROW AUXILIARY
yolo_dataset/000012475065.jpg,ADVISORY SPEED MPH
yolo_dataset/000032970094.jpg,DIRECTIONAL ARROW AUXILIARY
yolo_dataset/000010930271.jpg,ADVISORY SPEED MPH
yolo_dataset/000006790212.jpg,ADVISORY SPEED MPH
yolo_dataset/000005020233.jpg,ADVISORY SPEED MPH
yolo_dataset/000015790433.jpg,ADVISORY SPEED MPH
yolo_dataset/000002295074.jpg,DIRECTIONAL ARROW AUXILIARY
yolo_dataset/000008400276.jpg,ADVISORY SPEED MPH
yolo_dataset/000002290706.jpg,DIRECTIONAL ARROW AUXILIARY
yolo_dataset/000006705393.jpg,ADVISORY SPEED MPH
yolo_dataset/000020585643.jpg,ADVISORY SPEED MPH
yolo_dataset/000012185022.jpg,ADVISORY SPEED MPH
yolo_dataset/000008635092.jpg,ADVISORY SPEED MPH
yolo_dataset/000054400116.jpg,DIRECTIONAL ARROW AUXILIARY
yolo_dataset/000044075652.jpg,DIRECTIONAL ARROW AUXILIARY
yolo_dataset/000080280443.jpg,DIRECTIONAL ARROW AUXILIARY
yolo_dataset/000005790520.jpg,ADVISORY SPEED MPH
yolo_dataset/000001050407.jpg,DIRECTIONAL ARROW AUXILIARY
yolo_dataset/000007435332.jpg,ADVISORY SPEED MPH
yolo_dataset/000029920067.jpg,ADVISORY SPEED MPH
yolo_dataset/000041735469.jpg,ADVISORY SPEED MPH
yolo_dataset/000026425221.jpg,DIRECTIONAL ARROW AUXILIARY
yolo_dataset/000004370407.jpg,DO NOT ENTER
yolo_dataset/000033530255.jpg,DIRECTIONAL ARROW AUXILIARY
yolo_dataset/000004065579.jpg,ADVISORY SPEED MPH
yolo_dataset/000030990028.jpg,ADVISORY SPEED MPH
yolo_dataset/000003820469.jpg,DIRECTIONAL ARROW AUXILIARY
yolo_dataset/000003605085.jpg,DIRECTIONAL ARROW AUXILIARY
yolo_dataset/000001235055.jpg,DO NOT ENTER
yolo_dataset/000016555435.jpg,DIRECTIONAL ARROW AUXILIARY
yolo_dataset/000007770135.jpg,ADVISORY SPEED MPH
yolo_dataset/000008325267.jpg,ADVISORY SPEED MPH
yolo_dataset/000031515045.jpg,ADVISORY SPEED MPH
yolo_dataset/000009410339.jpg,DO NOT ENTER
yolo_dataset/000000915380.jpg,DIRECTIONAL ARROW AUXILIARY
yolo_dataset/000010780594.jpg,ADVISORY SPEED MPH
yolo_dataset/000003650458.jpg,ADVISORY SPEED MPH
yolo_dataset/000008955027.jpg,ADVISORY SPEED MPH
yolo_dataset/000008700310.jpg,ADVISORY SPEED MPH
yolo_dataset/000019990467.jpg,ADVISORY SPEED MPH
yolo_dataset/000001310470.jpg,ADVISORY SPEED MPH
yolo_dataset/000026355512.jpg,ADVISORY SPEED MPH
yolo_dataset/000004820211.jpg,ADVISORY SPEED MPH
yolo_dataset/000007020068.jpg,ADVISORY SPEED MPH
yolo_dataset/000020465382.jpg,ADVISORY SPEED MPH
yolo_dataset/000001550117.jpg,ADVISORY SPEED MPH
yolo_dataset/000004505430.jpg,ADVISORY SPEED MPH
yolo_dataset/000008570351.jpg,DIRECTIONAL ARROW AUXILIARY
yolo_dataset/000009155362.jpg,DIRECTIONAL ARROW AUXILIARY
yolo_dataset/000018345043.jpg,ADVISORY SPEED MPH
yolo_dataset/000002015353.jpg,ADVISORY SPEED MPH
yolo_dataset/000006070307.jpg,ADVISORY SPEED MPH
yolo_dataset/000016225228.jpg,ADVISORY SPEED MPH
yolo_dataset/000013395398.jpg,ADVISORY SPEED MPH
yolo_dataset/000027855040.jpg,ADVISORY SPEED MPH
yolo_dataset/000039035365.jpg,DIRECTIONAL ARROW AUXILIARY
yolo_dataset/000031115731.jpg,DO NOT ENTER
yolo_dataset/000004080160.jpg,DIRECTIONAL ARROW AUXILIARY
yolo_dataset/000012875246.jpg,ADVISORY SPEED MPH
yolo_dataset/000000465244.jpg,DO NOT ENTER
yolo_dataset/000025700051.jpg,ADVISORY SPEED MPH
yolo_dataset/000003355092.jpg,ADVISORY SPEED MPH
yolo_dataset/000006115073.jpg,DO NOT ENTER
yolo_dataset/000005535156.jpg,DO NOT ENTER
yolo_dataset/000003630124.jpg,ADVISORY SPEED MPH
yolo_dataset/000005245022.jpg,ADVISORY SPEED MPH
yolo_dataset/000000770474.jpg,DO NOT ENTER
yolo_dataset/000002385082.jpg,DIRECTIONAL ARROW AUXILIARY
yolo_dataset/000036805538.jpg,ADVISORY SPEED MPH
yolo_dataset/000001330215.jpg,ADVISORY SPEED MPH
yolo_dataset/000008880464.jpg,ADVISORY SPEED MPH
yolo_dataset/000020115465.jpg,ADVISORY SPEED MPH
yolo_dataset/000004030554.jpg,ADVISORY SPEED MPH
yolo_dataset/000028860567.jpg,ADVISORY SPEED MPH
yolo_dataset/000003735140.jpg,DIRECTIONAL ARROW AUXILIARY
yolo_dataset/000001225120.jpg,ADVISORY SPEED MPH
yolo_dataset/000000960443.jpg,ADVISORY SPEED MPH
yolo_dataset/000031720566.jpg,ADVISORY SPEED MPH
yolo_dataset/000005495004.jpg,ADVISORY SPEED MPH
yolo_dataset/000006890537.jpg,ADVISORY SPEED MPH
yolo_dataset/000011375505.jpg,DO NOT ENTER
yolo_dataset/000002770370.jpg,ADVISORY SPEED MPH
yolo_dataset/000023965193.jpg,ADVISORY SPEED MPH
yolo_dataset/000005785329.jpg,ADVISORY SPEED MPH
yolo_dataset/000003435338.jpg,DO NOT ENTER
yolo_dataset/000026390205.jpg,ADVISORY SPEED MPH
yolo_dataset/000034675092.jpg,ADVISORY SPEED MPH
yolo_dataset/000001815129.jpg,ADVISORY SPEED MPH
yolo_dataset/000007690354.jpg,ADVISORY SPEED MPH
yolo_dataset/000007005587.jpg,ADVISORY SPEED MPH
yolo_dataset/000003545045.jpg,ADVISORY SPEED MPH
yolo_dataset/000001080168.jpg,DIRECTIONAL ARROW AUXILIARY
yolo_dataset/000022955103.jpg,DO NOT ENTER
yolo_dataset/000006805148.jpg,ADVISORY SPEED MPH
yolo_dataset/000015810318.jpg,ADVISORY SPEED MPH
yolo_dataset/000007795419.jpg,ADVISORY SPEED MPH
yolo_dataset/000005375254.jpg,ADVISORY SPEED MPH
yolo_dataset/000000925025.jpg,ADVISORY SPEED MPH
yolo_dataset/000003740244.jpg,DIRECTIONAL ARROW AUXILIARY
yolo_dataset/000021885055.jpg,ADVISORY SPEED MPH
yolo_dataset/000018920512.jpg,ADVISORY SPEED MPH
yolo_dataset/000008165398.jpg,ADVISORY SPEED MPH
yolo_dataset/000001030372.jpg,ADVISORY SPEED MPH
yolo_dataset/000037370083.jpg,DIRECTIONAL ARROW AUXILIARY
yolo_dataset/000001830031.jpg,ADVISORY SPEED MPH
yolo_dataset/000036615197.jpg,ADVISORY SPEED MPH
yolo_dataset/000061755550.jpg,DIRECTIONAL ARROW AUXILIARY
yolo_dataset/000003500383.jpg,ADVISORY SPEED MPH
yolo_dataset/000009530421.jpg,DIRECTIONAL ARROW AUXILIARY
yolo_dataset/000080270100.jpg,DIRECTIONAL ARROW AUXILIARY
yolo_dataset/000007400313.jpg,DO NOT ENTER
yolo_dataset/000061240434.jpg,DIRECTIONAL ARROW AUXILIARY
yolo_dataset/000015475109.jpg,DIRECTIONAL ARROW AUXILIARY
yolo_dataset/000023195189.jpg,ADVISORY SPEED MPH
yolo_dataset/000014575039.jpg,ADVISORY SPEED MPH
yolo_dataset/000001740312.jpg,ADVISORY SPEED MPH
yolo_dataset/000008290064.jpg,DO NOT ENTER
yolo_dataset/000006675432.jpg,DO NOT ENTER
yolo_dataset/000010990402.jpg,ADVISORY SPEED MPH
yolo_dataset/000001665202.jpg,DO NOT ENTER
yolo_dataset/000000475190.jpg,DIRECTIONAL ARROW AUXILIARY
yolo_dataset/000017925095.jpg,ADVISORY SPEED MPH
yolo_dataset/000020435295.jpg,DIRECTIONAL ARROW AUXILIARY
yolo_dataset/000041630325.jpg,ADVISORY SPEED MPH
yolo_dataset/000032425067.jpg,ADVISORY SPEED MPH
yolo_dataset/000008530174.jpg,DIRECTIONAL ARROW AUXILIARY
yolo_dataset/000011855348.jpg,ADVISORY SPEED MPH
yolo_dataset/000000590301.jpg,ADVISORY SPEED MPH
yolo_dataset/000020370493.jpg,ADVISORY SPEED MPH
yolo_dataset/000006390004.jpg,DIRECTIONAL ARROW AUXILIARY
yolo_dataset/000034685375.jpg,ADVISORY SPEED MPH
yolo_dataset/000015060047.jpg,ADVISORY SPEED MPH
yolo_dataset/000002535017.jpg,DO NOT ENTER
yolo_dataset/000018445169.jpg,ADVISORY SPEED MPH
yolo_dataset/000039370035.jpg,ADVISORY SPEED MPH
yolo_dataset/000019360434.jpg,ADVISORY SPEED MPH
yolo_dataset/000008825388.jpg,DIRECTIONAL ARROW AUXILIARY
yolo_dataset/000013230215.jpg,ADVISORY SPEED MPH
yolo_dataset/000002025452.jpg,ADVISORY SPEED MPH
yolo_dataset/000003890299.jpg,ADVISORY SPEED MPH
yolo_dataset/000014095354.jpg,ADVISORY SPEED MPH
yolo_dataset/000012475241.jpg,ADVISORY SPEED MPH
yolo_dataset/000013560174.jpg,ADVISORY SPEED MPH
yolo_dataset/000010665097.jpg,ADVISORY SPEED MPH
yolo_dataset/000001365016.jpg,ADVISORY SPEED MPH
yolo_dataset/000002570414.jpg,ADVISORY SPEED MPH
yolo_dataset/000012905009.jpg,ADVISORY SPEED MPH
yolo_dataset/000013045556.jpg,ADVISORY SPEED MPH
yolo_dataset/000002710540.jpg,ADVISORY SPEED MPH
yolo_dataset/000005855737.jpg,DO NOT ENTER
yolo_dataset/000031755117.jpg,DIRECTIONAL ARROW AUXILIARY
yolo_dataset/000040000034.jpg,ADVISORY SPEED MPH
yolo_dataset/000006795435.jpg,DO NOT ENTER
yolo_dataset/000014535166.jpg,ADVISORY SPEED MPH
yolo_dataset/000033565233.jpg,DIRECTIONAL ARROW AUXILIARY
yolo_dataset/000054210008.jpg,DIRECTIONAL ARROW AUXILIARY
yolo_dataset/000020325631.jpg,DIRECTIONAL ARROW AUXILIARY
yolo_dataset/000032425230.jpg,DIRECTIONAL ARROW AUXILIARY
yolo_dataset/000001055074.jpg,DIRECTIONAL ARROW AUXILIARY
yolo_dataset/000011295048.jpg,DO NOT ENTER
yolo_dataset/000000705232.jpg,ADVISORY SPEED MPH
yolo_dataset/000006770208.jpg,DIRECTIONAL ARROW AUXILIARY
yolo_dataset/000000315274.jpg,DIRECTIONAL ARROW AUXILIARY
yolo_dataset/000003230151.jpg,ADVISORY SPEED MPH
yolo_dataset/000026120642.jpg,ADVISORY SPEED MPH
yolo_dataset/000004010490.jpg,ADVISORY SPEED MPH
yolo_dataset/000004300202.jpg,ADVISORY SPEED MPH
yolo_dataset/000004220121.jpg,ADVISORY SPEED MPH
yolo_dataset/000044035338.jpg,DIRECTIONAL ARROW AUXILIARY
yolo_dataset/000029760737.jpg,ADVISORY SPEED MPH
yolo_dataset/000004955396.jpg,ADVISORY SPEED MPH
yolo_dataset/000011665090.jpg,ADVISORY SPEED MPH
yolo_dataset/000028170248.jpg,ADVISORY SPEED MPH
yolo_dataset/000015785039.jpg,ADVISORY SPEED MPH
yolo_dataset/000019725511.jpg,DO NOT ENTER
yolo_dataset/000006620560.jpg,ADVISORY SPEED MPH
yolo_dataset/000001175281.jpg,ADVISORY SPEED MPH
yolo_dataset/000011020210.jpg,DIRECTIONAL ARROW AUXILIARY
yolo_dataset/000002010229.jpg,ADVISORY SPEED MPH
yolo_dataset/000019095463.jpg,DIRECTIONAL ARROW AUXILIARY
yolo_dataset/000008575081.jpg,ADVISORY SPEED MPH
yolo_dataset/000020145453.jpg,DIRECTIONAL ARROW AUXILIARY
yolo_dataset/000024010120.jpg,ADVISORY SPEED MPH
yolo_dataset/000009415502.jpg,ADVISORY SPEED MPH
yolo_dataset/000005255149.jpg,ADVISORY SPEED MPH
yolo_dataset/000000565401.jpg,ADVISORY SPEED MPH
yolo_dataset/000004325315.jpg,ADVISORY SPEED MPH
yolo_dataset/000002850355.jpg,DIRECTIONAL ARROW AUXILIARY
yolo_dataset/000014355590.jpg,ADVISORY SPEED MPH
yolo_dataset/000006195109.jpg,ADVISORY SPEED MPH
yolo_dataset/000007295435.jpg,ADVISORY SPEED MPH
yolo_dataset/000004950132.jpg,DO NOT ENTER
yolo_dataset/000021805424.jpg,DIRECTIONAL ARROW AUXILIARY
yolo_dataset/000016185135.jpg,ADVISORY SPEED MPH
yolo_dataset/000019820470.jpg,ADVISORY SPEED MPH
yolo_dataset/000010295205.jpg,ADVISORY SPEED MPH
yolo_dataset/000005550006.jpg,ADVISORY SPEED MPH
yolo_dataset/000027515185.jpg,DIRECTIONAL ARROW AUXILIARY
yolo_dataset/000017640230.jpg,DO NOT ENTER
yolo_dataset/000000640140.jpg,DIRECTIONAL ARROW AUXILIARY
yolo_dataset/000005005444.jpg,ADVISORY SPEED MPH
yolo_dataset/000112430601.jpg,DIRECTIONAL ARROW AUXILIARY
yolo_dataset/000005710184.jpg,DIRECTIONAL ARROW AUXILIARY
yolo_dataset/000009250060.jpg,ADVISORY SPEED MPH
yolo_dataset/000003145218.jpg,ADVISORY SPEED MPH
yolo_dataset/000004295024.jpg,ADVISORY SPEED MPH
yolo_dataset/000027030766.jpg,DIRECTIONAL ARROW AUXILIARY
yolo_dataset/000013735682.jpg,ADVISORY SPEED MPH
yolo_dataset/000001500172.jpg,ADVISORY SPEED MPH
yolo_dataset/000029495107.jpg,ADVISORY SPEED MPH
yolo_dataset/000014205109.jpg,ADVISORY SPEED MPH
yolo_dataset/000005900419.jpg,DO NOT ENTER
yolo_dataset/000037810083.jpg,ADVISORY SPEED MPH
yolo_dataset/000008265127.jpg,DO NOT ENTER
yolo_dataset/000054325319.jpg,DIRECTIONAL ARROW AUXILIARY
yolo_dataset/000004495005.jpg,ADVISORY SPEED MPH
yolo_dataset/000009055676.jpg,ADVISORY SPEED MPH
yolo_dataset/000000820241.jpg,DO NOT ENTER
yolo_dataset/000070730051.jpg,DIRECTIONAL ARROW AUXILIARY
yolo_dataset/000003805381.jpg,DIRECTIONAL ARROW AUXILIARY
yolo_dataset/000008695001.jpg,ADVISORY SPEED MPH
yolo_dataset/000003010643.jpg,ADVISORY SPEED MPH
yolo_dataset/000019680157.jpg,ADVISORY SPEED MPH
yolo_dataset/000016180051.jpg,DO NOT ENTER
yolo_dataset/000008190591.jpg,ADVISORY SPEED MPH
yolo_dataset/000008865675.jpg,ADVISORY SPEED MPH
yolo_dataset/000005530001.jpg,ADVISORY SPEED MPH
yolo_dataset/000002810404.jpg,DIRECTIONAL ARROW AUXILIARY
yolo_dataset/000010555150.jpg,ADVISORY SPEED MPH
yolo_dataset/000007300238.jpg,DIRECTIONAL ARROW AUXILIARY
yolo_dataset/000021835142.jpg,ADVISORY SPEED MPH
